loc,v(g),ev(g),iv(g),n,v,d,e,defects
1.1,1.4,1.4,1.4,1.3,1.3,1.3,1.3,0
1,1,1,1,1,1,1,1,1
83,11,1,11,171,927.89,23.04,21378.61,1
46,8,6,8,141,769.78,14.86,11436.73,1
25,3,1,3,58,254.75,9.35,2381.95,1
43,3,1,3,115,569.73,11.27,6423.73,1
48,6,1,6,149,751.61,15.43,11596.34,1
69,12,1,12,231,1212.27,27.27,33061.94,1
47,6,1,6,149,745,16.2,12069,1
48,7,1,7,155,801.34,17.82,14278.39,1
58,9,1,9,193,1027.13,20.7,21261.63,1
65,6,1,5,155,801.34,19.73,15808.22,1
116,11,4,8,289,1700.08,26.6,45222.23,1
24,4,1,4,74,347.83,11.37,3953.7,1
77,19,12,19,231,1245.63,29.25,36434.54,1
9,1,1,1,13,46.6,3.5,163.12,1
16,2,1,2,43,191.76,5.43,1040.96,1
93,7,3,6,257,1499.05,29.86,44757.43,1
23,1,1,1,67,307.19,4.74,1454.65,1
30,1,1,1,21,85.84,3.33,286.12,1
30,1,1,1,54,108,39,4212,1
35,3,1,3,108,529.94,13,6889.27,1
25,4,1,4,57,232.99,13.5,3145.3,1
20,7,7,3,54,240.81,9.58,2307.76,1
119,14,1,14,289,1605.28,30.72,49320.73,1
35,4,1,4,78,362.22,14.31,5182.54,1
33,4,1,4,73,334.7,14.5,4853.18,1
17,2,1,2,25,92.51,6.4,592.07,1
44,3,1,3,127,603.87,16,9661.93,1
84,15,9,15,230,1347.34,25.26,34029.33,1
56,3,1,3,150,769.39,14.09,10838.4,1
58,3,1,3,191,1016.49,21,21346.25,1
78,7,1,6,213,1189.6,17.71,21062.86,1
75,8,3,8,250,1356.57,29.1,39470.86,1
12,1,1,1,22,76.11,3.33,253.69,1
11,1,1,1,22,76.11,3.33,253.69,1
69,10,1,10,199,1059.06,25,26476.59,1
39,5,3,5,86,430,11.67,5016.67,1
53,5,1,5,113,579.61,9.65,5594.49,1
52,5,1,5,107,544.36,9.82,5344.61,1
30,2,1,2,74,330,12.5,4124.97,1
27,3,1,3,77,394.95,7.1,2805.82,1
47,7,1,6,105,525,12.05,6323.86,1
49,7,1,6,110,554.88,12.17,6755.1,1
7,1,1,1,14,50.19,3,150.57,1
66,12,5,12,177,922.07,20.45,18860.59,1
14,1,1,1,29,118.54,5.63,666.77,1
29,3,1,3,64,300.83,9.17,2757.59,1
6,1,1,1,14,48.43,2.5,121.08,1
12,1,1,1,36,140.65,5.25,738.4,1
38,7,1,7,119,583.92,16,9342.72,1
132,16,11,13,322,2052.76,29.65,60862.61,1
26,4,1,4,81,418.76,11.79,4935.43,1
56,5,1,4,178,988.72,13.19,13042.34,1
21,1,1,1,76,365.36,6.2,2265.23,1
43,6,5,5,95,508.97,18.9,9619.48,1
12,4,1,2,44,199.04,9.82,1954.18,1
11,1,1,1,26,98.99,6,593.95,1
26,2,1,2,68,319.63,7.15,2284.41,1
80,11,1,11,274,1637.77,28.71,47016.12,1
63,8,1,8,185,1069.55,24.33,26025.75,1
10,2,1,2,23,87.57,12.83,1123.8,1
9,2,1,1,31,129.27,5.6,723.9,1
35,5,1,4,89,448.95,20.4,9158.6,1
9,1,1,1,25,92.51,2.5,231.28,1
16,2,1,2,35,136.74,13.75,1880.19,1
5,1,1,1,10,28.07,3.75,105.28,1
16,1,1,1,28,109.39,4.57,500.08,1
4,1,1,1,7,19.65,3,58.95,1
12,2,1,2,24,88.81,3.43,304.49,1
8,2,1,1,20,74.01,5.25,388.55,1
4,1,1,1,5,11.61,2,23.22,1
14,2,1,2,29,120.93,6.87,831.38,1
56,3,1,2,101,537.51,7.5,4031.36,1
30,2,1,2,55,248.8,9.17,2280.63,1
52,8,1,8,247,1440.72,23.08,33247.47,1
41,6,3,6,109,572.02,18.45,10553.84,1
4,1,1,1,1,0,0,0,1
15,1,1,1,26,101.58,3.5,355.53,1
9,1,1,1,31,107.24,3.43,367.69,1
5,1,1,1,8,24,3,72,1
25,1,1,1,65,309.07,6.5,2008.94,1
45,1,1,1,0,0,0,0,1
4,1,1,1,4,8,1.5,12,1
23,3,1,2,70,316.65,14.18,4490.66,1
14,1,1,1,33,134.89,4.2,566.52,1
18,2,1,1,39,156,9.64,1504.29,1
40,4,1,3,110,544.96,15.17,8265.25,1
24,3,1,2,80,371.51,13.85,5143.96,1
52,6,1,5,133,670.9,16.25,10902.2,1
11,1,1,1,14,51.81,4,207.22,1
23,6,6,2,70,346.79,19.79,6863.63,1
4,1,1,1,4,8,1.5,12,1
38,8,8,5,191,1123.58,28.27,31758.83,1
113,15,11,14,527,3493.67,33.28,116258.98,1
8,1,1,1,26,106.27,3.85,409.16,1
38,6,3,6,167,894.71,20.8,18609.99,1
47,13,10,10,231,1303.73,36.93,48144.92,1
8,1,1,1,17,60.94,5,304.72,1
4,1,1,1,5,11.61,1.5,17.41,1
15,3,1,1,43,204.46,9.69,1981.69,1
38,5,1,5,61,307.71,15,4615.62,1
48,12,1,11,177,977.67,26.92,26321.9,1
70,15,14,3,293,1662.02,41.3,68641.45,1
23,5,3,3,116,633.29,22.8,14439.1,1
27,8,6,5,128,694.56,20.16,14002.37,1
10,1,1,1,26,104,4.28,444.89,1
13,1,1,1,46,213.62,7.46,1594.5,1
23,8,8,8,109,545,14.71,8017.24,1
11,4,4,4,38,164.23,9.78,1605.84,1
9,2,1,2,42,184.48,7.73,1425.51,1
11,3,3,2,43,202.12,6.97,1408.1,1
49,8,1,7,185,1088.29,17.81,19385.15,1
53,11,6,9,354,2139.72,44.31,94805.86,1
21,5,4,2,81,418.76,21,8794.04,1
16,4,1,4,86,430,8.9,3829.05,1
22,5,3,4,123,679.4,25,16984.95,1
24,5,3,4,129,724.3,24.87,18012.97,1
27,6,1,5,131,697.17,18.67,13013.89,1
27,5,1,4,93,408.49,21.33,8714.36,1
39,9,9,5,208,1233.59,35.34,43599.82,1
16,3,1,3,58,275.78,7,1930.48,1
19,4,1,4,86,426.06,12.28,5231.08,1
66,16,11,15,259,1608.25,25.03,40253.51,1
12,2,1,2,22,81.41,7.2,586.15,1
19,5,5,4,84,423.73,14.17,6002.83,1
9,3,3,2,50,216.1,13.5,2917.3,1
29,4,3,3,69,348.06,9.95,3462.31,1
286,27,5,25,481,2948.19,27.42,80852.59,1
26,3,1,3,68,326.9,11,3595.9,1
64,11,1,11,177,954.44,18.15,17326.76,1
47,4,1,4,92,442.28,12.38,5473.17,1
107,9,7,7,187,1109.05,19.95,22125.51,1
107,9,7,7,178,1051.43,19.65,20664.58,1
74,5,3,4,131,727.65,14.45,10515.73,1
37,4,1,4,75,348.29,10.61,3694.35,1
79,7,1,6,161,889.29,14.03,12478.8,1
134,15,8,14,303,1804.12,30.22,54519.67,1
55,4,3,3,152,894.16,16.14,14440.71,1
22,3,1,2,61,279.68,12,3356.19,1
22,3,1,2,73,325.54,16.2,5273.72,1
8,3,1,3,13,36.5,5,182.48,1
151,18,4,16,439,2790.97,38.54,107551.84,1
2,1,1,1,3,4.75,1,4.75,1
2,1,1,1,5,11.61,2,23.22,1
70,13,4,12,291,1795.45,33.41,59984.29,1
4,1,1,1,7,19.65,2.5,49.13,1
2,1,1,1,6,15.51,2.5,38.77,1
27,1,1,1,37,154.29,4.5,694.29,1
57,1,1,1,123,679.4,6.57,4461.99,1
4,1,1,1,4,8,1.5,12,1
7,1,1,1,15,45,2,90,1
7,1,1,1,9,25.27,3.75,94.75,1
16,2,1,2,32,118.41,7.2,852.58,1
11,1,1,1,11,36.54,3,109.62,1
8,2,1,1,17,62.91,6.75,424.63,1
62,14,1,9,445,3011.84,41.88,126141.8,1
39,4,1,4,88,423.05,13.43,5682.93,1
165,13,11,12,365,2206.2,43.27,95460.74,1
45,3,1,3,83,403.21,12.19,4914.15,1
3,1,1,1,1,0,0,0,1
21,2,1,2,61,279.68,6.43,1797.96,1
23,1,1,1,69,331.71,5.6,1857.56,1
12,1,1,1,24,98.1,3.85,377.68,1
44,7,1,5,124,650.74,14,9110.4,1
17,4,3,3,34,136,7.71,1049.14,1
40,5,3,4,95,470.65,13.72,6458.35,1
179,13,4,12,361,2241.61,22.82,51144.16,1
92,8,3,8,212,1184.01,15.17,17957.52,1
14,1,1,1,26,108.42,3,325.25,1
92,8,3,8,203,1121.28,15.35,17214.99,1
64,4,1,4,138,744.14,10.82,8053.51,1
184,16,12,13,437,2922,33.6,98179.22,1
17,4,3,3,32,125.02,8.25,1031.42,1
38,5,3,4,93,460.74,13,5989.62,1
6,1,1,1,7,19.65,2,39.3,1
41,4,1,4,85,421.11,10.47,4409.92,1
13,1,1,1,7,16.25,0.75,12.19,1
20,4,3,3,36,147.15,7.31,1076.02,1
50,5,4,4,122,625.77,16.5,10325.25,1
17,1,1,1,50,219.62,5,1098.08,1
41,6,5,5,95,508.97,18.9,9619.48,1
29,4,1,1,60,278.63,12.46,3472.18,1
125,8,5,7,272,1704.57,17.69,30162.15,1
42,5,3,4,113,570.02,15.47,8820.26,1
17,4,3,3,32,125.02,8.25,1031.42,1
14,3,3,3,40,169.92,8.94,1518.63,1
9,1,1,1,6,15.51,2,31.02,1
3,1,1,1,1,0,0,0,1
11,2,1,2,26,108.42,3.5,379.46,1
35,3,1,3,105,546.99,12.78,6991.99,1
7,2,1,2,11,34.87,5.25,183.06,1
34,5,1,5,99,490.47,18.75,9196.23,1
24,4,1,3,55,261.51,17.45,4564.69,1
35,4,1,4,85,432.43,13.82,5974.42,1
48,4,1,4,132,692.73,20.7,14339.44,1
61,7,1,7,167,942.52,11.57,10906.35,1
20,1,1,1,27,112.59,2.43,273.43,1
10,1,1,1,15,55.51,2.5,138.77,1
38,5,1,5,99,465.34,12.83,5971.91,1
4,1,1,1,4,8,1.5,12,1
15,2,1,2,35,136.74,7.43,1015.79,1
6,1,1,1,12,39.86,3,119.59,1
6,1,1,1,8,24,2.5,60,1
50,6,5,5,144,804.23,20,16084.69,1
17,1,1,1,43,182.66,5.82,1062.75,1
20,2,1,2,49,221.65,7.31,1619.78,1
8,1,1,1,20,76.15,4.67,355.35,1
20,5,1,5,54,237.19,6,1423.11,1
36,7,3,6,75,360.55,13.43,4843.41,1
27,1,1,1,104,537.67,7.33,3942.93,1
13,3,1,3,28,112,8.33,933.33,1
13,3,1,3,28,112,8.33,933.33,1
13,3,1,3,28,112,8.33,933.33,1
78,6,3,6,298,1801.23,10.89,19613.39,1
84,7,3,7,311,1893.2,12.29,23269.16,1
99,8,5,8,277,1601.44,30.88,49456.13,1
25,3,1,3,45,191.16,7.65,1462.35,1
97,14,1,14,273,1605.96,30.12,48369.03,1
95,16,9,16,254,1506.41,27.64,41638.64,1
132,14,8,13,331,2028.79,28.71,58255.33,1
61,4,1,4,217,1205.35,18.98,22882.74,1
8,1,1,1,14,50.19,3,150.57,1
55,5,1,5,118,605.26,10.08,6102.99,1
57,4,1,4,198,1087.39,18.5,20116.66,1
51,13,8,13,138,713.45,20.13,14362.87,1
93,7,1,7,247,1498.32,21.91,32835.61,1
29,1,1,1,99,495,4.9,2425.5,1
112,16,10,13,334,1988.7,33.33,66290.05,1
152,22,6,16,463,3027.63,29.75,90061.35,1
25,4,1,4,76,372.92,8.68,3238.55,1
78,11,1,11,227,1318.27,19.4,25571.05,1
35,5,3,4,83,415,10.61,4401.18,1
12,3,1,3,15,49.83,2.5,124.57,1
19,2,1,2,37,162.52,9.75,1584.53,1
19,3,1,3,31,118.03,8,944.22,1
15,2,1,2,30,131.77,5.25,691.79,1
217,28,18,27,521,3348.08,23.29,77990.66,1
150,27,22,18,438,2799.84,46.67,130658.97,1
30,3,1,3,77,361.93,12.43,4498.32,1
15,1,1,1,39,162.63,8.5,1382.33,1
41,1,1,1,0,0,0,0,1
25,3,3,3,48,217.13,8.71,1890.85,1
15,8,4,3,76,383.37,17,6517.36,1
56,13,7,11,226,1300.6,25.51,33184,1
20,2,1,2,31,133.98,6.5,870.87,1
9,2,1,2,41,180.09,12.19,2194.79,1
145,25,21,18,441,2811.39,44.04,123803.5,1
34,4,1,4,69,298.21,15.89,4738.27,1
12,1,1,1,41,182.84,8.5,1554.11,1
24,5,3,4,63,320.51,15.83,5074.74,1
74,6,5,4,135,753.97,14.5,10932.56,1
36,1,1,1,69,293.11,10.8,3165.56,1
7,2,1,2,18,59.79,3.5,209.28,1
7,1,1,1,14,44.38,2.5,110.95,1
6,1,1,1,13,33.6,3,100.81,1
55,5,1,3,142,765.71,14.25,10911.35,1
21,1,1,1,25,95.18,3.38,321.25,1
17,3,1,3,31,124,5,620,1
19,3,1,1,31,126.71,7.14,905.08,1
22,3,1,3,47,206.44,10.67,2202.02,1
40,3,1,3,88,451.38,10.05,4534.29,1
15,2,1,2,17,60.94,4.9,298.63,1
27,5,3,4,113,609.33,17.27,10524.82,1
35,1,1,1,32,133.44,5.2,693.88,1
30,2,1,2,93,460.74,7.14,3291,1
12,1,1,1,22,88,3,264,1
22,1,1,1,14,50.19,1.1,55.21,1
40,5,3,4,106,534.71,13.98,7472.51,1
176,16,10,14,385,2467.62,27.24,67213.15,1
132,13,10,13,278,1757.5,22.19,39004.08,1
101,13,6,12,214,1264.07,17.79,22482.47,1
7,1,1,1,20,78.14,4,312.55,1
11,1,1,1,24,91.38,4.5,411.19,1
11,1,1,1,24,91.38,4.5,411.19,1
11,1,1,1,24,91.38,4.5,411.19,1
11,1,1,1,24,91.38,4.5,411.19,1
16,2,1,2,29,113.3,6.86,776.91,1
38,2,1,2,90,445.88,13,5796.41,1
50,5,1,5,116,621.48,11.93,7411.68,1
4,1,1,1,4,8,1,8,1
60,6,3,5,176,982.95,19.5,19167.59,1
63,8,5,8,133,730.42,17,12417.08,1
72,11,7,9,154,850.63,26.13,22222.67,1
57,6,1,5,195,1132.43,15.47,17523.69,1
82,16,13,16,204,1106.96,16.45,18211.24,1
288,45,7,45,794,5228.46,44.9,234743.54,1
96,9,1,8,274,1554.24,22.29,34646.7,1
68,18,5,18,192,1066.48,15.48,16513.25,1
84,11,1,11,254,1500.35,28.95,43431.19,1
20,2,1,2,20,74.01,6.42,474.89,1
72,12,8,10,215,1269.98,23.42,29746.87,1
16,1,1,1,43,175.76,6.27,1102.5,1
40,5,1,5,125,674.04,19.88,13396.54,1
12,1,1,1,41,187.98,6.43,1208.47,1
11,1,1,1,41,187.98,6.43,1208.47,1
50,8,3,4,240,1480.78,34.78,51502.32,1
25,2,1,2,38,169.46,5.19,879.88,1
4,1,1,1,6,15.51,2.5,38.77,1
220,12,8,12,453,3028.98,21.49,65087.11,1
22,1,1,1,69,331.71,5.6,1857.56,1
23,1,1,1,69,331.71,5.6,1857.56,1
89,6,4,5,189,1043.95,23.74,24784.89,1
15,1,1,1,41,177.2,5.33,945.06,1
100,7,3,6,362,2281.97,26.82,61212.81,1
12,1,1,1,18,66.61,4.67,310.84,1
72,7,1,7,142,779.84,14.62,11401.84,1
23,1,1,1,46,218.72,3.14,687.42,1
140,18,10,18,376,2304.61,27.6,63607.25,1
162,17,12,16,334,2011.47,35.6,71598.78,1
33,1,1,1,55,252.17,9.31,2347.15,1
82,13,4,12,196,1117.29,29.7,33183.4,1
73,10,7,9,247,1421.46,40.09,56980.83,1
109,18,14,15,399,2550.53,42.25,107760.09,1
61,5,1,2,148,817.49,16,13079.79,1
153,27,15,18,497,3294.79,48.32,159215.89,1
33,1,1,1,65,325,5.83,1895.83,1
10,1,1,1,18,66.61,2.5,166.52,1
81,4,1,4,162,899.84,15.47,13919.45,1
97,11,8,8,216,1259.9,30.44,38352.97,1
3,1,1,1,4,8,1,8,1
75,9,6,9,284,1746.53,30.43,53155.21,1
98,17,3,15,307,1875.32,31.25,58603.66,1
119,14,12,13,220,1304.76,31.2,40708.58,1
35,5,5,5,88,418.43,21.25,8891.64,1
116,12,6,12,382,2467.5,18,44415.05,1
205,26,16,19,491,3179.59,49.32,156823.6,1
5,1,1,1,11,30.88,2.67,82.35,0
3,1,1,1,1,0,0,0,0
3,1,1,1,1,0,0,0,0
3,1,1,1,1,0,0,0,0
12,1,1,1,19,63.12,3.5,220.91,0
5,1,1,1,11,30.88,2.67,82.35,0
3,1,1,1,1,0,0,0,0
3,1,1,1,1,0,0,0,0
3,1,1,1,1,0,0,0,0
13,1,1,1,29,110.41,3.75,414.05,0
12,1,1,1,19,63.12,3.5,220.91,0
3,1,1,1,1,0,0,0,0
12,1,1,1,19,63.12,3.5,220.91,0
4,1,1,1,1,0,0,0,0
13,1,1,1,27,102.8,7.33,753.86,0
16,3,3,2,43,188.87,10,1888.7,0
16,3,3,2,43,188.87,10,1888.7,0
16,3,3,2,43,188.87,10,1888.7,0
16,1,1,1,34,141.78,5.2,737.24,0
35,6,5,6,85,412.93,11.38,4697.06,0
14,2,1,2,30,122.62,5.78,708.49,0
40,4,1,4,103,484.15,15.86,7677.16,0
38,4,3,4,94,489.69,11.57,5663.36,0
26,2,1,2,66,289.89,10,2898.93,0
15,2,1,2,38,152,9.17,1393.33,0
21,1,1,1,52,208,10.29,2139.43,0
11,1,1,1,18,66.61,4.8,319.72,0
17,2,1,2,27,108,6.67,720,0
25,3,1,3,58,254.75,9.35,2381.95,0
56,10,9,10,155,824.9,17.67,14573.21,0
59,5,1,4,138,713.45,15.83,11291.12,0
120,12,5,11,315,1804.29,23.29,42021.08,0
23,3,1,3,51,230.7,9.17,2114.77,0
23,3,1,3,51,230.7,9.17,2114.77,0
22,3,1,3,51,230.7,9.17,2114.77,0
31,2,1,2,104,529.1,7.74,4095.2,0
13,1,1,1,36,150.12,5.2,780.61,0
17,1,1,1,55,248.8,5.87,1459.6,0
32,4,1,4,156,841.2,12.33,10369.98,0
17,1,1,1,62,291.43,5.56,1619.04,0
74,7,1,6,177,948.29,24,22758.88,0
23,3,1,3,42,171.67,10.08,1731.04,0
20,2,1,2,46,195.4,10.31,2015.11,0
13,2,1,2,29,107.31,9,965.81,0
30,2,1,2,82,348.33,11.7,4075.46,0
38,6,3,6,120,564.05,18.5,10434.98,0
55,5,1,5,137,658.61,23.65,15578.6,0
24,3,1,3,55,241.58,10.67,2576.83,0
36,9,9,9,102,485,16.88,8184.35,0
210,25,11,25,606,3820.09,32.93,125808.33,0
7,1,1,1,13,44.97,3,134.92,0
8,1,1,1,12,39.86,2.5,99.66,0
23,2,1,2,66,294.32,13,3826.19,0
9,1,1,1,20,76.15,4.67,355.35,0
34,5,3,5,115,575,14.71,8458.55,0
9,1,1,1,19,72.34,4,289.36,0
63,11,5,11,163,842.7,19.29,16252.03,0
7,1,1,1,12,41.51,3,124.54,0
28,2,1,2,74,363.11,9.26,3363.54,0
14,1,1,1,26,104,5.79,601.71,0
29,4,1,4,81,380.74,9,3426.62,0
41,8,5,8,111,544.66,17,9259.3,0
18,1,1,1,50,200,10.29,2057.13,0
14,1,1,1,21,84,3,252,0
4,1,1,1,7,19.65,2.5,49.13,0
11,1,1,1,17,64.73,3,194.18,0
4,1,1,1,7,19.65,2.5,49.13,0
6,1,1,1,5,11.61,1.5,17.41,0
18,2,1,2,31,126.71,6.43,814.57,0
2,1,1,1,0,0,0,0,0
43,5,1,5,117,600.13,17,10202.14,0
2,1,1,1,0,0,0,0,0
8,1,1,1,5,11.61,0.5,5.8,0
10,1,1,1,5,11.61,0.5,5.8,0
3,1,1,1,1,0,0,0,0
5,1,1,1,7,18.09,1,18.09,0
7,1,1,1,12,36,2.5,90,0
3,1,1,1,7,18.09,1,18.09,0
13,1,1,1,20,69.19,3.33,230.63,0
11,1,1,1,6,15.51,0.5,7.75,0
3,1,1,1,1,0,0,0,0
4,1,1,1,6,13.93,1,13.93,0
3,1,1,1,1,0,0,0,0
39,2,1,2,152,819.63,11.6,9507.73,0
1,1,1,1,0,0,0,0,0
4,1,1,1,3,4.75,1,4.75,0
13,1,1,1,20,69.19,3.33,230.63,0
4,1,1,1,7,18.09,1,18.09,0
2,1,1,1,7,18.09,1,18.09,0
10,1,1,1,19,63.12,4,252.47,0
20,1,1,1,57,257.83,4.38,1128.06,0
4,1,1,1,1,0,0,0,0
14,1,1,1,20,69.19,3.33,230.63,0
13,1,1,1,12,33.69,2,67.38,0
15,1,1,1,13,41.21,1.57,64.76,0
24,1,1,1,16,59.21,2.67,157.89,0
19,3,3,3,50,226.18,9.27,2097.29,0
17,1,1,1,45,194.49,5.5,1069.68,0
63,9,8,9,199,1086.43,18.57,20176.5,0
6,1,1,1,10,31.7,2.5,79.25,0
9,1,1,1,8,24,2.5,60,0
9,1,1,1,8,24,2.5,60,0
6,1,1,1,10,31.7,2.5,79.25,0
6,1,1,1,10,31.7,2.5,79.25,0
6,1,1,1,10,31.7,2.5,79.25,0
10,1,1,1,8,24,2.5,60,0
6,1,1,1,10,31.7,2.5,79.25,0
6,1,1,1,10,31.7,2.5,79.25,0
10,1,1,1,8,24,2.5,60,0
87,9,1,9,212,1190.32,22.65,26954.95,0
51,6,1,6,129,666.92,24.59,16398.39,0
88,14,10,9,239,1280.45,34.83,44593.23,0
59,6,1,6,176,855,21.88,18709.51,0
1,1,1,1,4,8,1.5,12,0
4,1,1,1,4,8,1.5,12,0
1,1,1,1,4,8,1.5,12,0
4,1,1,1,4,8,1.5,12,0
1,1,1,1,4,8,1.5,12,0
1,1,1,1,4,8,1.5,12,0
1,1,1,1,4,8,1.5,12,0
4,1,1,1,4,8,1.5,12,0
56,7,3,7,133,670.9,15.6,10466.11,0
4,1,1,1,4,8,1.5,12,0
4,1,1,1,4,8,1.5,12,0
4,1,1,1,4,8,1.5,12,0
1,1,1,1,4,8,1.5,12,0
1,1,1,1,4,8,1.5,12,0
4,1,1,1,4,8,1.5,12,0
4,1,1,1,4,8,1.5,12,0
4,1,1,1,4,8,1.5,12,0
4,1,1,1,4,8,1.5,12,0
1,1,1,1,4,8,1.5,12,0
4,1,1,1,4,8,1.5,12,0
4,1,1,1,4,8,1.5,12,0
1,1,1,1,4,8,1.5,12,0
4,1,1,1,4,8,1.5,12,0
9,1,1,1,20,76.15,4.67,355.35,0
1,1,1,1,4,8,1.5,12,0
4,1,1,1,4,8,1.5,12,0
4,1,1,1,4,8,1.5,12,0
4,1,1,1,4,8,1.5,12,0
1,1,1,1,4,8,1.5,12,0
1,1,1,1,4,8,1.5,12,0
4,1,1,1,4,8,1.5,12,0
4,1,1,1,4,8,1.5,12,0
4,1,1,1,4,8,1.5,12,0
1,1,1,1,4,8,1.5,12,0
1,1,1,1,4,8,1.5,12,0
1,1,1,1,4,8,1.5,12,0
4,1,1,1,4,8,1.5,12,0
1,1,1,1,4,8,1.5,12,0
1,1,1,1,4,8,1.5,12,0
1,1,1,1,4,8,1.5,12,0
4,1,1,1,4,8,1.5,12,0
1,1,1,1,4,8,1.5,12,0
4,1,1,1,4,8,1.5,12,0
4,1,1,1,4,8,1.5,12,0
4,1,1,1,4,8,1.5,12,0
4,1,1,1,4,8,1.5,12,0
4,1,1,1,4,8,1.5,12,0
1,1,1,1,4,8,1.5,12,0
4,1,1,1,4,8,1.5,12,0
4,1,1,1,4,8,1.5,12,0
4,1,1,1,4,8,1.5,12,0
16,2,1,2,25,92.51,6.4,592.07,0
16,2,1,2,25,92.51,6.4,592.07,0
18,2,1,2,29,110.41,6.67,736.09,0
7,1,1,1,8,22.46,2,44.92,0
8,1,1,1,9,27,2,54,0
14,2,1,2,29,110.41,7.33,809.7,0
16,2,1,2,25,92.51,6.4,592.07,0
16,2,1,2,25,92.51,6.4,592.07,0
17,2,1,2,24,91.38,6,548.26,0
17,2,1,2,25,92.51,6.4,592.07,0
17,2,1,2,25,92.51,6.4,592.07,0
7,1,1,1,8,22.46,2,44.92,0
17,2,1,2,24,91.38,6,548.26,0
9,1,1,1,14,46.51,3.75,174.4,0
14,2,1,2,19,68.11,6,408.69,0
16,2,1,2,25,92.51,6.4,592.07,0
17,2,1,2,25,92.51,6.4,592.07,0
17,2,1,2,24,91.38,6,548.26,0
17,2,1,2,20,76.15,5.33,406.12,0
17,2,1,2,25,92.51,6.4,592.07,0
17,2,1,2,20,76.15,5.33,406.12,0
16,2,1,2,25,92.51,6.4,592.07,0
17,2,1,2,25,92.51,6.4,592.07,0
17,2,1,2,25,92.51,6.4,592.07,0
49,9,5,9,130,644.05,18.28,11773.96,0
13,2,1,2,32,130.8,6.22,813.86,0
14,1,1,1,21,84,3,252,0
4,1,1,1,7,19.65,2.5,49.13,0
2,1,1,1,5,11.61,2,23.22,0
2,1,1,1,5,11.61,2,23.22,0
2,1,1,1,5,11.61,1.5,17.41,0
6,1,1,1,10,20,4.5,90,0
2,1,1,1,4,8,1.5,12,0
2,1,1,1,4,8,1.5,12,0
2,1,1,1,5,11.61,1.5,17.41,0
2,1,1,1,5,11.61,1.5,17.41,0
28,4,1,1,60,278.63,12.46,3472.18,0
28,4,1,1,60,278.63,12.46,3472.18,0
23,3,1,3,55,241.58,9.9,2391.62,0
4,1,1,1,7,18.09,1.5,27.14,0
4,1,1,1,7,18.09,1.5,27.14,0
4,1,1,1,2,2,0,0,0
35,2,1,1,141,734.53,9.81,7209.3,0
4,1,1,1,4,8,1.5,12,0
4,1,1,1,7,18.09,1.5,27.14,0
4,1,1,1,7,18.09,1.5,27.14,0
4,1,1,1,9,28.53,3.5,99.85,0
47,3,1,3,94,478.22,11.76,5624.8,0
4,1,1,1,8,24,2.5,60,0
41,5,3,5,99,490.47,10.74,5266.05,0
41,5,3,5,132,682.43,12.15,8293.01,0
53,5,3,5,174,982.03,12,11784.37,0
15,4,3,4,49,218.51,16.63,3632.76,0
14,2,1,2,42,178.41,11,1962.54,0
82,9,1,9,191,1072.41,15.76,16898.58,0
41,5,3,5,100,504.44,11.05,5574.06,0
60,6,1,5,156,818.68,16.37,13409.92,0
12,1,1,1,19,72.34,4.67,337.59,0
11,3,1,3,26,93.21,6.3,587.22,0
68,7,1,7,165,945.11,16.46,15553.76,0
11,1,1,1,22,76.11,3.33,253.69,0
60,11,5,11,155,795.04,18.38,14608.84,0
24,4,1,4,68,303.24,8.29,2512.57,0
51,13,8,13,138,713.45,20.13,14362.87,0
12,2,1,2,32,130.8,6.22,813.86,0
13,1,1,1,19,74.23,3,222.69,0
4,1,1,1,7,19.65,2.5,49.13,0
16,2,1,2,32,133.44,5.6,747.25,0
4,1,1,1,7,19.65,2.5,49.13,0
12,2,1,2,32,130.8,6.22,813.86,0
51,13,8,13,138,713.45,20.13,14362.87,0
13,1,1,1,19,74.23,3,222.69,0
4,1,1,1,7,19.65,2.5,49.13,0
24,3,3,3,49,221.65,4.38,969.74,0
54,18,11,18,150,781.42,13.44,10502.26,0
13,2,1,2,29,120.93,6.87,831.38,0
7,1,1,1,14,50.19,3,150.57,0
8,1,1,1,14,50.19,3,150.57,0
25,4,1,4,77,361.93,11.73,4246.69,0
7,1,1,1,14,50.19,3,150.57,0
53,7,3,7,181,963.27,21.67,20870.83,0
64,12,5,12,171,890.82,19.09,17006.5,0
18,1,1,1,40,166.8,5.41,902.22,0
5,1,1,1,9,28.53,3,85.59,0
13,2,1,2,32,130.8,6.22,813.86,0
15,1,1,1,21,84,3,252,0
4,1,1,1,7,19.65,2.5,49.13,0
23,2,1,2,44,199.04,6.54,1301.39,0
4,1,1,1,5,11.61,1.5,17.41,0
4,1,1,1,5,11.61,1.5,17.41,0
48,6,3,6,133,682.19,16.67,11369.91,0
24,3,3,3,69,312.13,6.56,2048.33,0
15,1,1,1,47,223.48,2.5,558.7,0
39,5,3,5,86,430,11.67,5016.67,0
63,8,1,7,145,805.42,15.52,12497.82,0
23,2,1,2,58,265.93,6.9,1834.9,0
17,1,1,1,40,175.69,6,1054.16,0
34,3,1,3,80,380.39,8.82,3356.39,0
26,2,1,2,63,296.13,8.8,2605.92,0
22,2,1,2,56,253.32,7.07,1791.33,0
31,3,1,3,79,379.78,9.71,3686.11,0
23,2,1,2,56,253.32,7.07,1791.33,0
24,2,1,2,56,263.22,8.07,2123.35,0
16,1,1,1,40,175.69,6,1054.16,0
23,2,1,2,58,265.93,6.9,1834.9,0
16,1,1,1,40,175.69,6,1054.16,0
16,1,1,1,40,175.69,6,1054.16,0
16,1,1,1,40,175.69,6,1054.16,0
23,1,1,1,62,294.8,6.5,1916.22,0
23,2,1,2,58,265.93,6.9,1834.9,0
16,1,1,1,40,175.69,6,1054.16,0
23,2,1,2,56,253.32,7.07,1791.33,0
16,1,1,1,40,175.69,6,1054.16,0
18,1,1,1,54,250.77,6.19,1551.63,0
18,1,1,1,54,250.77,6.19,1551.63,0
27,2,1,2,61,279.68,7.2,2013.72,0
18,1,1,1,42,184.48,6.38,1176.04,0
18,1,1,1,54,250.77,6.19,1551.63,0
127,25,7,22,396,2309.82,38.21,88254.54,0
25,5,5,4,51,227.43,10.8,2456.25,0
48,4,1,4,121,568.75,13.93,7924.63,0
6,2,1,1,14,50.19,4.2,210.8,0
60,2,1,2,156,909.93,5.47,4976.76,0
22,2,1,2,35,148.68,6.3,936.67,0
22,2,1,2,35,148.68,6.3,936.67,0
20,2,1,2,30,125.1,6,750.59,0
21,3,1,3,55,241.58,11.55,2790.22,0
31,6,5,6,95,456.7,14.63,6679.22,0
52,7,3,7,174,919.66,19.69,18105.81,0
6,1,1,1,11,36.54,3,109.62,0
5,1,1,1,9,28.53,3,85.59,0
7,1,1,1,14,50.19,3,150.57,0
18,1,1,1,41,174.17,5.25,914.37,0
13,2,1,2,32,130.8,6.22,813.86,0
51,13,8,13,138,713.45,20.13,14362.87,0
15,1,1,1,21,84,3,252,0
4,1,1,1,7,19.65,2.5,49.13,0
12,2,1,2,32,130.8,6.22,813.86,0
15,1,1,1,21,84,3,252,0
4,1,1,1,7,19.65,2.5,49.13,0
13,2,1,2,32,130.8,6.22,813.86,0
51,13,8,13,138,713.45,20.13,14362.87,0
15,1,1,1,21,84,3,252,0
4,1,1,1,7,19.65,2.5,49.13,0
112,12,7,12,280,1647.14,25.9,42656.7,0
33,4,1,4,114,602.54,12.04,7254.53,0
33,4,1,4,106,548.01,11.02,6040.05,0
38,4,3,4,124,630.85,13.62,8591.51,0
34,3,1,3,99,485.78,10.42,5062.36,0
9,1,1,1,23,87.57,4.5,394.06,0
34,5,4,5,105,499.26,16.71,8344.83,0
24,2,1,2,70,336.51,8.74,2939.56,0
29,3,1,3,64,300.83,9.17,2757.59,0
17,2,1,2,36,144,8.33,1200,0
3,1,1,1,1,0,0,0,0
3,1,1,1,1,0,0,0,0
3,1,1,1,1,0,0,0,0
3,1,1,1,1,0,0,0,0
3,1,1,1,1,0,0,0,0
12,1,1,1,33,132,5.06,667.33,0
20,1,1,1,76,369.21,5.9,2180.08,0
5,1,1,1,9,28.53,3,85.59,0
28,2,1,2,77,385,8.64,3327.5,0
18,1,1,1,31,131.69,3.23,425.45,0
10,1,1,1,17,58.81,2.92,171.53,0
8,1,1,1,20,71.7,4,286.8,0
5,1,1,1,9,28.53,3,85.59,0
32,3,1,3,115,620.12,9.4,5829.1,0
23,1,1,1,37,165,3.19,525.93,0
23,1,1,1,38,171.9,3.72,639.24,0
31,4,1,4,85,421.11,9.47,3989.43,0
40,4,1,4,122,630.73,13,8199.5,0
5,1,1,1,9,28.53,3,85.59,0
16,1,1,1,62,287.92,5.88,1693.64,0
28,5,1,4,93,498.25,14.87,7408.8,0
14,1,1,1,27,110.36,3.27,361.18,0
30,4,1,4,74,359.49,9.53,3425.73,0
24,3,1,3,50,232.19,7.07,1641.93,0
9,1,1,1,9,28.53,2,57.06,0
3,1,1,1,4,8,1,8,0
3,1,1,1,4,8,1,8,0
8,1,1,1,4,8,0.5,4,0
8,1,1,1,4,8,0.5,4,0
37,4,1,4,186,1027.38,7.78,7990.75,0
15,2,1,2,60,278.63,5.41,1507.89,0
5,1,1,1,9,28.53,3,85.59,0
8,1,1,1,20,71.7,4,286.8,0
25,1,1,1,100,516.99,6.67,3446.62,0
22,1,1,1,35,153.73,3.2,491.94,0
32,4,1,4,85,421.11,9.47,3989.43,0
1,1,1,1,4,8,1.5,12,0
18,2,1,2,43,197.15,9.45,1864,0
1,1,1,1,4,8,1.5,12,0
1,1,1,1,4,8,1.5,12,0
1,1,1,1,4,8,1.5,12,0
1,1,1,1,4,8,1.5,12,0
1,1,1,1,4,8,1.5,12,0
1,1,1,1,4,8,1.5,12,0
1,1,1,1,4,8,1.5,12,0
1,1,1,1,4,8,1.5,12,0
16,3,1,3,59,266.89,8.08,2155.65,0
4,1,1,1,4,8,1.5,12,0
4,1,1,1,4,8,1.5,12,0
1,1,1,1,4,8,1.5,12,0
19,4,1,4,52,224.74,16.71,3756.37,0
19,4,1,4,62,280.46,14.95,4192.89,0
1,1,1,1,4,8,1.5,12,0
1,1,1,1,4,8,1.5,12,0
1,1,1,1,4,8,1.5,12,0
1,1,1,1,4,8,1.5,12,0
1,1,1,1,4,8,1.5,12,0
1,1,1,1,4,8,1.5,12,0
9,1,1,1,20,76.15,4.67,355.35,0
1,1,1,1,4,8,1.5,12,0
1,1,1,1,4,8,1.5,12,0
4,1,1,1,4,8,1.5,12,0
1,1,1,1,4,8,1.5,12,0
12,1,1,1,34,141.78,5.2,737.24,0
12,1,1,1,27,110.36,3.27,361.18,0
12,1,1,1,34,141.78,5.2,737.24,0
12,1,1,1,27,110.36,3.27,361.18,0
5,1,1,1,9,28.53,3,85.59,0
20,1,1,1,33,142.62,3.21,458.43,0
10,1,1,1,17,58.81,2.92,171.53,0
28,4,1,1,59,270.51,11.42,3090.09,0
55,6,3,4,174,1066.5,25.33,27017.88,0
5,1,1,1,4,8,1.5,12,0
2,1,1,1,4,8,1.5,12,0
12,2,1,2,27,114.69,6.87,788.52,0
12,1,1,1,39,159.41,4.9,781.11,0
12,1,1,1,27,110.36,3.27,361.18,0
15,1,1,1,50,222.97,5.43,1210.42,0
12,2,1,2,25,95.18,6.67,634.56,0
6,1,1,1,13,44.97,3,134.92,0
14,2,1,2,35,156.08,6.25,975.5,0
23,5,1,5,76,372.92,14.5,5407.39,0
5,1,1,1,9,28.53,3,85.59,0
18,1,1,1,69,328.09,5.89,1933.99,0
16,1,1,1,29,120.93,3.25,393.02,0
10,1,1,1,17,58.81,2.92,171.53,0
8,1,1,1,16,55.35,4.38,242.16,0
5,1,1,1,9,28.53,3,85.59,0
16,1,1,1,62,287.92,5.88,1693.64,0
14,1,1,1,27,110.36,3.27,361.18,0
10,1,1,1,17,58.81,2.92,171.53,0
38,4,3,4,80,384.59,14.5,5576.53,0
18,1,1,1,64,300.83,5.56,1671.27,0
13,1,1,1,29,120.93,3.25,393.02,0
15,1,1,1,48,214.05,5.43,1162,0
16,1,1,1,29,120.93,3.25,393.02,0
14,1,1,1,23,92,4,368,0
14,3,1,3,29,103.96,6.3,654.97,0
10,1,1,1,30,117.21,4.81,564.06,0
13,1,1,1,35,143.06,5.78,826.58,0
11,1,1,1,27,102.8,5,513.99,0
7,2,1,2,10,30,4.5,135,0
4,1,1,1,4,8,1.5,12,0
3,1,1,1,1,0,0,0,0
4,1,1,1,9,27,2,54,0
4,1,1,1,9,27,2,54,0
4,1,1,1,7,19.65,2,39.3,0
4,1,1,1,9,27,2,54,0
7,1,1,1,25,95.18,4.13,392.63,0
4,1,1,1,9,27,2,54,0
8,1,1,1,27,102.8,4.13,424.04,0
8,1,1,1,28,106.61,4.5,479.73,0
8,1,1,1,28,106.61,4.5,479.73,0
45,6,1,6,89,427.85,20.67,8842.33,0
19,2,1,2,41,190.4,5.67,1078.92,0
7,2,1,2,13,44.97,3.5,157.4,0
7,2,1,2,12,39.86,3,119.59,0
7,2,1,2,13,44.97,3.5,157.4,0
7,2,1,2,12,39.86,3,119.59,0
73,12,1,9,130,741.06,19.71,14609.41,0
7,2,1,2,13,44.97,3.5,157.4,0
4,1,1,1,5,11.61,1.5,17.41,0
11,3,1,2,24,96,7.5,720,0
9,3,1,3,25,95.18,10,951.84,0
38,9,1,2,68,315.78,15.27,4822.86,0
6,1,1,1,13,41.21,2.4,98.9,0
6,1,1,1,13,39,1.8,70.2,0
31,4,1,4,90,450,16.32,7345.59,0
5,1,1,1,10,30,2.5,75,0
5,1,1,1,9,27,3,81,0
5,1,1,1,9,27,3,81,0
5,1,1,1,9,27,3,81,0
6,1,1,1,13,43.19,3,129.56,0
5,1,1,1,9,27,3,81,0
5,1,1,1,9,27,3,81,0
5,1,1,1,8,22.46,2,44.92,0
5,1,1,1,9,27,3,81,0
17,3,1,3,43,188.87,8.67,1636.87,0
29,4,1,3,69,316.36,18.2,5757.8,0
15,2,1,1,26,104,7.5,780,0
2,1,1,1,5,11.61,2,23.22,0
2,1,1,1,4,8,1.5,12,0
1,1,1,1,4,8,1.5,12,0
4,1,1,1,9,27,3,81,0
2,1,1,1,4,8,1.5,12,0
1,1,1,1,4,8,1.5,12,0
1,1,1,1,4,8,1.5,12,0
2,1,1,1,4,8,1.5,12,0
4,1,1,1,4,8,1.5,12,0
2,1,1,1,4,8,1.5,12,0
4,1,1,1,9,28.53,3.5,99.85,0
5,1,1,1,9,27,2.5,67.5,0
5,1,1,1,9,25.27,1.5,37.9,0
79,7,4,5,146,851.6,22.5,19161.04,0
1,1,1,1,4,8,1.5,12,0
4,1,1,1,7,19.65,2.5,49.13,0
4,1,1,1,6,15.51,2.5,38.77,0
4,1,1,1,7,19.65,2.5,49.13,0
4,1,1,1,7,19.65,2.5,49.13,0
1,1,1,1,4,8,1.5,12,0
4,1,1,1,7,19.65,2.5,49.13,0
4,1,1,1,7,19.65,2.5,49.13,0
4,1,1,1,7,19.65,2.5,49.13,0
4,1,1,1,7,19.65,2.5,49.13,0
6,1,1,1,13,39,4.17,162.5,0
6,1,1,1,13,39,4.17,162.5,0
6,1,1,1,13,39,4.17,162.5,0
6,1,1,1,13,39,4.17,162.5,0
7,2,1,2,16,55.35,6.67,369.01,0
12,2,1,2,18,66.61,3.5,233.13,0
23,5,1,2,50,212.4,21,4460.32,0
13,2,1,2,22,83.76,4.67,390.89,0
41,7,1,1,78,352.84,13.22,4665.3,0
10,2,1,2,18,66.61,3.5,233.13,0
10,2,1,2,18,66.61,3.5,233.13,0
10,2,1,2,17,60.94,3,182.83,0
10,2,1,2,17,60.94,3,182.83,0
6,1,1,1,6,15.51,2,31.02,0
4,1,1,1,6,15.51,2,31.02,0
14,2,1,2,31,121.11,7.5,908.35,0
4,1,1,1,4,8,1.5,12,0
4,1,1,1,4,8,1.5,12,0
4,1,1,1,5,11.61,1.5,17.41,0
7,2,1,2,10,30,4.5,135,0
1,1,1,1,5,11.61,1.5,17.41,0
8,2,1,2,14,48.43,4.38,211.89,0
4,1,1,1,4,8,1.5,12,0
40,4,1,4,61,279.68,8.21,2297.39,0
1,1,1,1,1,0,0,0,0
37,4,1,4,71,344.92,12.13,4184.99,0
3,1,1,1,1,0,0,0,0
143,17,1,6,345,2046.1,26.47,54152.01,0
6,1,1,1,7,18.09,1,18.09,0
5,1,1,1,3,4.75,0.5,2.38,0
3,1,1,1,1,0,0,0,0
107,18,11,12,213,1236.97,31.05,38405.82,0
4,1,1,1,4,8,1.5,12,0
4,1,1,1,4,8,1.5,12,0
4,1,1,1,4,8,1.5,12,0
4,1,1,1,4,8,1.5,12,0
4,1,1,1,4,8,1.5,12,0
53,3,1,2,89,460.12,9,4141.1,0
34,5,1,3,77,374.06,10.94,4092.71,0
4,1,1,1,4,8,1.5,12,0
4,1,1,1,4,8,1.5,12,0
4,1,1,1,5,11.61,2,23.22,0
1,1,1,1,4,8,1.5,12,0
39,3,1,3,104,494.51,14.4,7120.92,0
52,5,3,5,88,418.43,12.4,5188.53,0
20,4,1,1,44,176,11.57,2036.57,0
25,4,1,3,63,296.13,8.8,2605.92,0
28,4,1,3,63,296.13,8.8,2605.92,0
28,4,1,3,63,296.13,8.8,2605.92,0
5,1,1,1,4,8,1.5,12,0
3,1,1,1,1,0,0,0,0
3,1,1,1,1,0,0,0,0
3,1,1,1,1,0,0,0,0
3,1,1,1,1,0,0,0,0
1,1,1,1,1,0,0,0,0
32,4,3,3,105,554.97,11.5,6382.12,0
13,2,1,1,40,183.4,10.05,1842.32,0
73,7,1,7,167,917.14,13.81,12667.99,0
16,2,1,2,20,69.19,5.25,363.24,0
2,1,1,1,12,39.86,4.67,186.03,0
283,34,26,29,1106,7918.82,41.02,324803.51,0
18,3,1,2,26,101.58,7,711.05,0
4,1,1,1,1,0,0,0,0
4,1,1,1,6,15.51,0,0,0
21,2,1,2,41,185.47,7.33,1360.08,0
1,1,1,1,4,6.34,0,0,0
9,1,1,1,5,11.61,0.5,5.8,0
4,1,1,1,1,0,0,0,0
3,1,1,1,1,0,0,0,0
1,1,1,1,0,0,0,0,0
3,1,1,1,1,0,0,0,0
10,2,1,2,37,157.17,7.2,1131.65,0
9,2,1,1,36,160.54,12.25,1966.61,0
2,1,1,1,5,11.61,1.5,17.41,0
2,1,1,1,5,11.61,1.5,17.41,0
2,1,1,1,5,11.61,1.5,17.41,0
2,1,1,1,4,8,1.5,12,0
2,1,1,1,6,15.51,2.5,38.77,0
5,1,1,1,9,23.26,2,46.53,0
2,1,1,1,4,8,1.5,12,0
5,1,1,1,1,0,0,0,0
26,3,1,3,52,244.42,9.43,2304.56,0
35,3,1,3,75,364.35,9.88,3600.62,0
1,1,1,1,1,0,0,0,0
13,1,1,1,31,133.98,4.04,541.07,0
131,17,10,15,399,2507.88,33.78,84710.46,0
1,1,1,1,5,11.61,1.5,17.41,0
2,1,1,1,5,11.61,1.5,17.41,0
4,1,1,1,5,11.61,1.5,17.41,0
1,1,1,1,5,11.61,1.5,17.41,0
33,3,1,3,91,437.47,15.17,6634.95,0
44,6,3,6,114,598.26,19.35,11576.4,0
12,2,1,2,28,112,8.36,936,0
14,2,1,2,32,128,14.3,1830.4,0
36,3,1,3,75,364.35,9.88,3600.62,0
16,2,1,2,20,69.19,5.25,363.24,0
91,8,1,8,186,1070.41,18.15,19426.48,0
2,1,1,1,5,11.61,1.5,17.41,0
2,1,1,1,5,11.61,1.5,17.41,0
3,1,1,1,1,0,0,0,0
9,2,1,2,12,36,6,216,0
9,3,1,1,23,92,7.5,690,0
12,3,3,3,25,95.18,6,571.1,0
83,7,1,6,224,1312.19,16.55,21710.74,0
79,7,1,4,217,1271.18,16.07,20425.58,0
120,19,6,11,318,1998.76,22.41,44799.75,0
131,20,7,12,340,2155.55,22.95,49471.62,0
17,3,1,2,49,204.33,7.2,1471.15,0
9,1,1,1,31,126.71,2.31,292.41,0
9,1,1,1,25,83.05,2.57,213.55,0
3,1,1,1,1,0,0,0,0
1,1,1,1,0,0,0,0,0
7,2,1,2,15,53.77,5,268.87,0
14,3,1,2,42,197.42,9.92,1957.73,0
13,3,1,2,38,176.47,9.55,1684.45,0
1,1,1,1,4,8,1.5,12,0
2,1,1,1,5,11.61,1.5,17.41,0
2,1,1,1,5,11.61,1.5,17.41,0
2,1,1,1,5,11.61,1.5,17.41,0
1,1,1,1,4,8,1.5,12,0
8,1,1,1,24,91.38,3.33,304.59,0
2,1,1,1,4,8,1.5,12,0
1,1,1,1,4,8,1.5,12,0
1,1,1,1,4,8,1.5,12,0
1,1,1,1,4,8,1.5,12,0
1,1,1,1,4,8,1.5,12,0
2,1,1,1,6,15.51,2.5,38.77,0
9,2,1,2,15,53.77,4.2,225.85,0
16,3,1,3,28,114.45,7.31,836.91,0
9,2,1,2,16,59.21,4.8,284.19,0
54,4,1,2,92,475.63,12.5,5945.41,0
6,2,1,2,19,76,5,380,0
4,1,1,1,4,8,1.5,12,0
10,1,1,1,35,133.26,6,799.54,0
14,3,1,1,29,116,8.33,966.67,0
20,4,1,4,46,210.91,7.14,1506.49,0
11,1,1,1,35,133.26,4.44,592.26,0
12,3,1,3,38,158.46,11,1743.03,0
4,1,1,1,5,11.61,1.5,17.41,0
18,3,1,1,30,117.21,7.5,879.05,0
20,4,1,1,38,158.46,8.13,1287.46,0
12,3,1,3,38,158.46,11,1743.03,0
16,4,1,1,37,157.17,8.94,1404.74,0
6,2,1,2,19,76,5,380,0
6,2,1,2,19,76,5,380,0
2,1,1,1,5,11.61,1.5,17.41,0
2,1,1,1,5,11.61,1.5,17.41,0
10,1,1,1,25,83.05,2.57,213.55,0
4,1,1,1,5,11.61,2,23.22,0
4,1,1,1,3,4.75,1,4.75,0
2,1,1,1,3,4.75,1,4.75,0
1,1,1,1,9,25.27,1.5,37.9,0
1,1,1,1,4,8,1.5,12,0
10,2,1,1,16,57.36,6,344.16,0
9,2,1,2,11,33,3.33,110,0
2,1,1,1,1,0,0,0,0
2,1,1,1,1,0,0,0,0
2,1,1,1,1,0,0,0,0
2,1,1,1,1,0,0,0,0
15,1,1,1,0,0,0,0,0
20,2,1,2,0,0,0,0,0
8,1,1,1,7,16.25,0.5,8.13,0
2,1,1,1,0,0,0,0,0
2,1,1,1,0,0,0,0,0
2,1,1,1,0,0,0,0,0
88,15,1,14,255,1446.47,23.54,34054,0
26,4,3,3,63,299.56,9.75,2920.69,0
27,7,7,2,97,485,9.6,4656,0
15,1,1,1,0,0,0,0,0
20,2,1,2,0,0,0,0,0
15,1,1,1,0,0,0,0,0
20,2,1,2,0,0,0,0,0
36,9,9,2,165,906.16,11.38,10307.52,0
4,1,1,1,4,8,1.5,12,0
3,1,1,1,1,0,0,0,0
3,1,1,1,1,0,0,0,0
45,6,5,6,100,504.44,12.89,6504.61,0
116,17,8,16,260,1548.09,25,38702.28,0
44,7,5,7,80,416.76,10.23,4262.28,0
32,4,1,4,57,274.02,7.88,2157.9,0
26,2,1,2,67,298.78,11.5,3435.99,0
99,19,15,19,312,1872,26.59,49778.18,0
52,10,6,10,174,955.58,17.66,16870.97,0
52,6,1,6,132,682.43,12.25,8359.77,0
5,1,1,1,4,8,1,8,0
93,10,3,10,245,1491.43,14.77,22027.25,0
31,2,1,2,147,787.56,6.33,4983.78,0
4,1,1,1,3,4.75,1,4.75,0
2,1,1,1,3,4.75,1,4.75,0
4,1,1,1,4,8,1,8,0
22,3,1,3,54,237.19,11.33,2688.1,0
2,1,1,1,16,59.21,3.5,207.22,0
2,1,1,1,8,24,2.5,60,0
2,1,1,1,8,24,2.5,60,0
2,1,1,1,18,68.53,3.5,239.86,0
2,1,1,1,12,39.86,2.5,99.66,0
2,1,1,1,12,39.86,2.5,99.66,0
2,1,1,1,12,39.86,2.5,99.66,0
2,1,1,1,18,68.53,3.5,239.86,0
2,1,1,1,10,31.7,2.5,79.25,0
2,1,1,1,10,31.7,2.5,79.25,0
2,1,1,1,10,31.7,2.5,79.25,0
2,1,1,1,18,68.53,3.5,239.86,0
2,1,1,1,12,39.86,2.5,99.66,0
2,1,1,1,18,68.53,3.5,239.86,0
2,1,1,1,20,78.14,3.5,273.48,0
2,1,1,1,4,8,1.5,12,0
2,1,1,1,4,8,1.5,12,0
2,1,1,1,4,8,1.5,12,0
2,1,1,1,4,8,1.5,12,0
2,1,1,1,4,8,1.5,12,0
25,3,1,3,57,250.36,9.55,2389.82,0
2,1,1,1,4,8,1.5,12,0
2,1,1,1,4,8,1.5,12,0
2,1,1,1,4,8,1.5,12,0
2,1,1,1,4,8,1.5,12,0
2,1,1,1,4,8,1.5,12,0
2,1,1,1,4,8,1.5,12,0
66,9,1,9,179,952.63,17.5,16670.93,0
2,1,1,1,4,8,1.5,12,0
2,1,1,1,5,11.61,2,23.22,0
2,2,1,1,7,19.65,2,39.3,0
5,1,1,1,1,0,0,0,0
28,4,1,1,59,270.51,11.42,3090.09,0
4,1,1,1,4,8,1.5,12,0
4,1,1,1,4,8,1.5,12,0
4,1,1,1,4,8,1.5,12,0
62,10,7,10,134,740.16,17.24,12760.86,0
44,8,7,5,111,613.12,18.06,11072.86,0
44,8,7,5,111,613.12,18.06,11072.86,0
3,1,1,1,5,11.61,1.5,17.41,0
19,2,1,2,45,187.65,6.4,1200.94,0
3,1,1,1,5,11.61,1.5,17.41,0
15,1,1,1,32,133.44,6,800.63,0
24,2,1,2,50,212.4,6.55,1390.23,0
21,3,1,3,84,427.35,4.67,1994.29,0
12,1,1,1,21,82.04,3.94,323.05,0
42,5,3,3,120,642.91,22.89,14713.79,0
5,3,3,1,24,100.08,10.4,1040.81,0
2,1,1,1,16,59.21,3.5,207.22,0
45,11,4,3,306,1735.76,37.74,65511.02,0
2,1,1,1,8,24,2.5,60,0
9,3,3,2,27,108,8.33,900,0
2,1,1,1,8,24,2.5,60,0
2,1,1,1,18,68.53,3.5,239.86,0
2,1,1,1,12,39.86,2.5,99.66,0
2,1,1,1,12,39.86,2.5,99.66,0
20,3,3,2,75,378.33,14.12,5341.12,0
2,1,1,1,12,39.86,2.5,99.66,0
20,3,3,3,52,244.42,15.2,3715.23,0
13,5,5,1,36,150.12,18.2,2732.13,0
15,3,1,1,28,106.61,9.33,994.99,0
28,11,11,10,121,610.37,13.43,8196.42,0
2,1,1,1,18,68.53,3.5,239.86,0
6,1,1,1,27,105.49,6.29,663.06,0
2,1,1,1,10,31.7,2.5,79.25,0
2,1,1,1,10,31.7,2.5,79.25,0
2,1,1,1,10,31.7,2.5,79.25,0
2,1,1,1,18,68.53,3.5,239.86,0
76,13,10,7,223,1306.33,21.44,28002.35,0
69,11,10,7,206,1185.51,21.71,25742.43,0
2,1,1,1,12,39.86,2.5,99.66,0
2,1,1,1,18,68.53,3.5,239.86,0
2,1,1,1,20,78.14,3.5,273.48,0
39,1,1,1,135,723.27,16.96,12266.65,0
2,1,1,1,4,8,1.5,12,0
2,2,1,1,7,19.65,2,39.3,0
46,7,1,7,97,480.56,15.47,7433.62,0
5,1,1,1,1,0,0,0,0
36,6,4,6,151,808.99,22.31,18050.6,0
6,1,1,1,9,25.27,1.5,37.9,0
3,1,1,1,5,11.61,1.5,17.41,0
3,1,1,1,5,11.61,1.5,17.41,0
8,2,1,1,21,85.84,7.33,629.47,0
60,17,5,7,319,1891.91,38.92,73638.77,0
70,20,5,6,418,2526.56,41.5,104852.1,0
93,25,5,11,532,3282.4,53.75,176429.01,0
44,13,7,6,187,995.2,49.38,49145.34,0
3,1,1,1,1,0,0,0,0
2,1,1,1,1,0,0,0,0
3,1,1,1,1,0,0,0,0
2,1,1,1,1,0,0,0,0
3,1,1,1,0,0,0,0,0
31,1,1,1,0,0,0,0,0
6,1,1,1,0,0,0,0,0
34,1,1,1,0,0,0,0,0
21,2,1,2,0,0,0,0,0
45,3,1,3,0,0,0,0,0
6,1,1,1,0,0,0,0,0
27,2,1,2,0,0,0,0,0
48,10,8,4,172,950.05,13.56,12885.09,0
6,1,1,1,0,0,0,0,0
27,3,1,3,58,278.83,9.53,2658.15,0
27,1,1,1,0,0,0,0,0
37,1,1,1,0,0,0,0,0
6,1,1,1,0,0,0,0,0
26,2,1,2,47,218.26,5.91,1289.11,0
15,2,1,2,25,95.18,6.67,634.56,0
6,1,1,1,3,4.75,0.5,2.38,0
4,1,1,1,3,4.75,1,4.75,0
9,1,1,1,8,18.58,0.63,11.61,0
4,1,1,1,3,4.75,1,4.75,0
5,1,1,1,2,2,0.5,1,0
2,1,1,1,0,0,0,0,0
4,1,1,1,3,4.75,1,4.75,0
3,1,1,1,0,0,0,0,0
3,1,1,1,1,0,0,0,0
131,18,1,18,363,2169.75,24.68,53551.34,0
15,1,1,1,0,0,0,0,0
20,2,1,2,0,0,0,0,0
15,2,1,2,25,95.18,6.67,634.56,0
20,2,1,2,0,0,0,0,0
15,1,1,1,0,0,0,0,0
15,2,1,2,25,95.18,6.67,634.56,0
17,2,1,2,0,0,0,0,0
9,1,1,1,0,0,0,0,0
1,1,1,1,4,8,1.5,12,0
15,1,1,1,0,0,0,0,0
15,1,1,1,0,0,0,0,0
19,2,1,2,0,0,0,0,0
1,1,1,1,4,8,1.5,12,0
15,1,1,1,0,0,0,0,0
2,1,1,1,6,15.51,2.5,38.77,0
38,3,1,3,0,0,0,0,0
44,5,3,4,95,487.28,10.05,4894.97,0
4,1,1,1,4,8,1.5,12,0
4,1,1,1,4,8,1.5,12,0
4,1,1,1,4,8,1.5,12,0
4,1,1,1,4,8,1.5,12,0
27,1,1,1,0,0,0,0,0
6,1,1,1,0,0,0,0,0
29,2,1,2,65,301.85,8,2414.81,0
38,1,1,1,0,0,0,0,0
23,2,1,2,68,315.78,8.16,2575.6,0
15,2,1,2,25,95.18,6.67,634.56,0
27,2,1,2,74,351.86,7.75,2726.93,0
26,1,1,1,0,0,0,0,0
24,1,1,1,0,0,0,0,0
6,1,1,1,0,0,0,0,0
23,2,1,2,46,202.05,6,1212.28,0
21,2,1,2,57,257.83,7.71,1989.07,0
15,2,1,2,25,95.18,6.67,634.56,0
26,2,1,2,74,351.86,7.75,2726.93,0
13,1,1,1,0,0,0,0,0
15,2,1,2,25,95.18,6.67,634.56,0
4,1,1,1,5,11.61,1.5,17.41,0
4,1,1,1,5,11.61,1.5,17.41,0
10,1,1,1,12,36,2,72,0
3,1,1,1,1,0,0,0,0
4,1,1,1,6,15.51,2,31.02,0
3,1,1,1,1,0,0,0,0
7,3,1,3,22,78.87,5.6,441.67,0
3,1,1,1,1,0,0,0,0
4,1,1,1,6,15.51,2,31.02,0
3,1,1,1,1,0,0,0,0
7,3,1,3,22,78.87,5.6,441.67,0
3,1,1,1,1,0,0,0,0
3,1,1,1,1,0,0,0,0
59,11,1,11,138,724.21,14.67,10627.05,0
66,6,1,6,153,791,15.83,12518.41,0
26,1,1,1,56,245.97,8,1967.76,0
17,3,3,3,29,116,7.5,870,0
34,9,7,6,83,399.01,16.73,6675.75,0
25,3,1,3,68,326.9,11,3595.9,0
12,1,1,1,17,62.91,4.08,256.87,0
63,7,6,7,144,766.36,18,13794.44,0
17,2,1,2,35,145.95,7.5,1094.61,0
61,7,6,7,144,766.36,18,13794.44,0
16,2,1,2,32,125.02,7.5,937.65,0
19,2,1,2,41,177.2,7,1240.39,0
11,1,1,1,15,49.83,3.75,186.86,0
19,2,1,2,37,159.91,6.5,1039.42,0
19,2,1,2,41,177.2,7,1240.39,0
18,2,1,2,39,165.67,7.22,1196.5,0
39,4,3,4,101,509.48,14.74,7508.18,0
60,10,1,10,137,713.7,14,9991.73,0
17,3,3,3,29,116,7.5,870,0
13,2,1,2,26,98.99,8.1,801.83,0
13,2,1,2,26,98.99,8.1,801.83,0
23,6,4,5,53,243,15.83,3847.55,0
149,25,19,25,401,2432.5,30.36,73847.58,0
25,1,1,1,71,325.53,9.64,3139.06,0
41,5,3,5,102,518.91,10.52,5461.03,0
5,1,1,1,4,8,1,8,0
3,1,1,1,4,8,1,8,0
12,1,1,1,10,31.7,2.4,76.08,0
2,1,1,1,3,4.75,1,4.75,0
2,1,1,1,4,8,1,8,0
37,5,3,5,93,469.13,11.42,5357.94,0
2,1,1,1,3,4.75,1,4.75,0
2,1,1,1,3,4.75,1,4.75,0
8,1,1,1,11,36.54,2.5,91.35,0
32,4,3,4,88,440,9.92,4365.26,0
2,1,1,1,4,8,1,8,0
13,1,1,1,10,31.7,2.4,76.08,0
37,5,3,5,91,455,10.61,4825.39,0
2,1,1,1,4,8,1,8,0
11,1,1,1,9,27,2.5,67.5,0
2,1,1,1,4,8,1,8,0
33,4,3,4,88,440,9.92,4365.26,0
13,1,1,1,10,31.7,2.4,76.08,0
16,3,1,3,32,125.02,9.75,1218.95,0
2,1,1,1,3,4.75,1,4.75,0
4,1,1,1,3,4.75,1,4.75,0
30,1,1,1,94,474.17,5.6,2655.37,0
4,1,1,1,3,4.75,1,4.75,0
6,1,1,1,10,31.7,2.5,79.25,0
6,1,1,1,10,31.7,2.5,79.25,0
62,11,11,11,176,936.66,21.8,20423.25,0
2,1,1,1,4,8,1.5,12,0
2,1,1,1,4,8,1.5,12,0
2,1,1,1,4,8,1.5,12,0
2,1,1,1,4,8,1.5,12,0
1,1,1,1,4,8,1.5,12,0
1,1,1,1,4,8,1.5,12,0
1,1,1,1,4,8,1.5,12,0
1,1,1,1,4,8,1.5,12,0
1,1,1,1,4,8,1.5,12,0
1,1,1,1,4,8,1.5,12,0
1,1,1,1,4,8,1.5,12,0
1,1,1,1,4,8,1.5,12,0
1,1,1,1,4,8,1.5,12,0
25,3,1,3,57,250.36,9.55,2389.82,0
25,3,1,3,57,250.36,9.55,2389.82,0
25,3,1,3,57,250.36,9.55,2389.82,0
25,3,1,3,57,250.36,9.55,2389.82,0
25,3,1,3,57,250.36,9.55,2389.82,0
1,1,1,1,4,8,1.5,12,0
1,1,1,1,4,8,1.5,12,0
1,1,1,1,4,8,1.5,12,0
1,1,1,1,4,8,1.5,12,0
1,1,1,1,4,8,1.5,12,0
1,1,1,1,4,8,1.5,12,0
42,5,3,4,87,438.86,14.58,6400.08,0
49,5,3,4,100,516.99,14.64,7570.25,0
48,5,3,5,100,508.75,16.18,8233.66,0
42,5,3,4,89,452.78,14.21,6434.3,0
1,1,1,1,4,8,1.5,12,0
1,1,1,1,4,8,1.5,12,0
8,1,1,1,17,58.81,3.6,211.72,0
136,19,9,18,334,2004,24.07,48229.6,0
2,1,1,1,7,19.65,2.5,49.13,0
2,1,1,1,5,11.61,1.5,17.41,0
123,21,13,21,384,2312.59,35.32,81676.45,0
2,1,1,1,4,8,1.5,12,0
2,1,1,1,4,8,1.5,12,0
2,1,1,1,4,8,1.5,12,0
2,1,1,1,4,8,1.5,12,0
4,1,1,1,4,8,1.5,12,0
2,1,1,1,4,8,1.5,12,0
4,1,1,1,4,8,1.5,12,0
2,1,1,1,4,8,1.5,12,0
2,1,1,1,4,8,1.5,12,0
2,1,1,1,4,8,1.5,12,0
59,11,8,11,133,702.96,16.23,11407.1,0
91,17,10,17,204,1100.03,19.38,21323.71,0
49,5,1,5,110,550,14.78,8127.78,0
77,13,8,13,196,1070.05,19.52,20885.76,0
76,14,8,14,193,1047.27,18.07,18928.42,0
54,9,1,9,96,480,12.06,5786.67,0
57,10,1,10,119,610.38,13,7935,0
7,1,1,1,13,39,3.33,130,0
92,10,3,10,219,1248.4,19.59,24453.88,0
63,12,1,12,151,792.44,14.29,11325.25,0
48,8,1,8,113,574.88,13.65,7847.16,0
65,12,1,12,172,902.64,16.04,14479.91,0
18,4,4,3,34,141.78,8.64,1225.36,0
46,5,1,5,87,422.64,10.59,4475.06,0
7,1,1,1,13,39,3.33,130,0
43,4,1,4,64,300.83,9.43,2836.38,0
32,2,1,2,154,835.64,6.97,5824.19,0
22,2,1,2,63,288.85,5.7,1646.46,0
15,1,1,1,28,112,5,560,0
15,1,1,1,28,112,5,560,0
15,1,1,1,28,112,5,560,0
57,8,1,8,124,645.97,27.06,17479.25,0
52,7,1,7,119,610.38,26.13,15946.3,0
1,1,1,1,4,8,1.5,12,0
4,1,1,1,5,11.61,1.5,17.41,0
14,1,1,1,15,55.51,3.5,194.27,0
14,1,1,1,15,55.51,3.5,194.27,0
13,1,1,1,13,46.6,3.5,163.12,0
14,1,1,1,15,55.51,3.5,194.27,0
9,1,1,1,11,36.54,3,109.62,0
23,3,1,3,57,250.36,9.09,2276.02,0
23,3,1,3,63,276.72,10.45,2892.94,0
17,2,1,2,43,185.84,8,1486.74,0
31,5,3,4,73,350.94,10.13,3553.24,0
17,2,1,2,38,161.42,7.78,1255.5,0
8,2,1,2,14,44.38,8.75,388.32,0
5,2,1,1,8,22.46,3.75,84.22,0
3,1,1,1,1,0,0,0,0
3,1,1,1,1,0,0,0,0
3,1,1,1,1,0,0,0,0
3,1,1,1,1,0,0,0,0
12,2,1,2,15,51.89,4.38,227.03,0
3,1,1,1,1,0,0,0,0
59,7,7,6,182,1016.46,21.95,22309.61,0
53,6,4,5,131,706.39,17.25,12185.29,0
28,3,1,3,60,271.41,6.43,1744.8,0
6,1,1,1,9,27,2.5,67.5,0
62,7,7,6,158,857.35,19.44,16666.88,0
6,1,1,1,9,27,2.5,67.5,0
50,4,3,4,165,926.43,12.57,11648.46,0
131,9,7,7,275,1656.15,27.12,44908.66,0
2,1,1,1,5,11.61,1.5,17.41,0
91,9,4,8,199,1117.33,16.97,18960.71,0
4,1,1,1,5,11.61,1.5,17.41,0
49,8,3,7,95,483.31,14.67,7088.53,0
63,5,1,5,103,489.75,10.59,5185.62,0
131,9,7,7,275,1656.15,27.12,44908.66,0
21,2,1,2,36,144,9.17,1320,0
9,1,1,1,9,27,2.5,67.5,0
34,5,4,4,66,320.63,10.73,3441.39,0
6,1,1,1,9,27,2.5,67.5,0
2,1,1,1,5,11.61,1.5,17.41,0
56,7,1,5,123,603.55,12.16,7337.87,0
17,2,1,2,27,99.91,5.25,524.54,0
65,7,7,6,143,755.81,18.93,14308.91,0
29,4,1,3,56,260.06,8.64,2247.63,0
10,1,1,1,16,53.15,2.67,141.74,0
2,1,1,1,3,4.75,1,4.75,0
1,1,1,1,2,0,0,0,0
4,1,1,1,6,15.51,1.5,23.26,0
4,1,1,1,2,2,0.5,1,0
2,1,1,1,3,4.75,1,4.75,0
2,1,1,1,3,4.75,1,4.75,0
6,1,1,1,9,25.27,1.5,37.9,0
4,1,1,1,2,2,0.5,1,0
4,1,1,1,3,4.75,0.5,2.38,0
25,2,1,2,35,151.27,8.5,1285.77,0
7,1,1,1,12,36,3,108,0
2,1,1,1,3,4.75,1,4.75,0
2,1,1,1,3,4.75,1,4.75,0
72,7,5,6,156,913.85,18.94,17312.29,0
45,3,1,3,76,376.52,10.47,3942.99,0
1,1,1,1,4,8,1.5,12,0
1,1,1,1,4,8,1.5,12,0
7,1,1,1,9,27,2.5,67.5,0
1,1,1,1,4,8,1.5,12,0
2,1,1,1,4,8,1.5,12,0
41,2,1,2,149,798.28,9.93,7927.7,0
5,1,1,1,10,31.7,2.5,79.25,0
30,3,1,3,53,221.01,10.63,2348.19,0
53,5,5,3,140,754.92,15.83,11952.97,0
123,15,9,12,350,2218.95,32.61,72378.03,0
2,1,1,1,5,11.61,1.5,17.41,0
6,1,1,1,9,27,2.5,67.5,0
1,1,1,1,1,0,0,0,0
44,5,4,5,88,423.05,12.57,5316.29,0
13,1,1,1,14,46.51,2.5,116.27,0
13,1,1,1,14,46.51,2.5,116.27,0
44,5,4,5,88,423.05,12.57,5316.29,0
6,1,1,1,11,34.87,4,139.48,0
7,1,1,1,5,11.61,1.5,17.41,0
118,19,7,16,269,1614,18.98,30630.91,0
65,7,5,7,165,921.52,15,13822.78,0
129,22,16,17,344,2086.73,25.53,53276.94,0
7,1,1,1,11,34.87,4,139.48,0
44,5,4,5,88,423.05,12.57,5316.29,0
14,1,1,1,14,46.51,2.5,116.27,0
6,1,1,1,8,24,3.5,84,0
2,2,1,1,11,36.54,3.5,127.89,0
2,1,1,1,5,11.61,2,23.22,0
2,2,1,1,11,34.87,4,139.48,0
58,5,3,4,122,684.99,10.6,7260.94,0
4,1,1,1,5,11.61,1.5,17.41,0
75,10,5,9,181,982.15,17.14,16836.92,0
95,18,13,14,237,1337.59,24.75,33105.44,0
18,2,1,2,33,132,7.07,933.43,0
6,1,1,1,9,27,2.5,67.5,0
2,1,1,1,5,11.61,1.5,17.41,0
47,7,6,5,133,717.18,21.07,15107.52,0
10,1,1,1,9,27,2.5,67.5,0
2,1,1,1,4,8,1.5,12,0
2,1,1,1,4,8,1.5,12,0
2,1,1,1,4,8,1.5,12,0
27,2,1,2,54,237.19,7.88,1867.83,0
27,2,1,2,54,237.19,7.88,1867.83,0
27,2,1,2,50,216.1,7.77,1679.66,0
36,5,1,5,75,356.62,12.54,4470.44,0
38,4,4,4,69,331.71,13.85,4592.87,0
81,7,1,6,174,971.78,14.32,13914.17,0
26,2,1,2,43,179.31,8,1434.45,0
8,1,1,1,10,30,4.5,135,0
71,10,8,10,168,894.08,18.3,16361.74,0
70,10,8,10,167,888.76,16.42,14596.21,0
1,1,1,1,5,11.61,1.5,17.41,0
4,1,1,1,5,11.61,1.5,17.41,0
1,1,1,1,5,11.61,1.5,17.41,0
1,1,1,1,5,11.61,1.5,17.41,0
1,1,1,1,5,11.61,1.5,17.41,0
4,1,1,1,5,11.61,1.5,17.41,0
4,1,1,1,5,11.61,1.5,17.41,0
1,1,1,1,1,0,0,0,0
4,1,1,1,5,11.61,1.5,17.41,0
1,1,1,1,1,0,0,0,0
3,1,1,1,5,11.61,1.5,17.41,0
2,1,1,1,4,8,1.5,12,0
85,11,6,9,211,1246.35,27.33,34067.01,0
150,17,8,15,317,1894.8,35.08,66460.03,0
148,19,12,14,396,2551.41,37.49,95656.09,0
2,1,1,1,4,8,1.5,12,0
3,1,1,1,5,11.61,1.5,17.41,0
155,24,19,18,407,2535.13,31.5,79856.57,0
4,1,1,1,5,11.61,1.5,17.41,0
118,14,11,11,328,2073.59,26.55,55057.45,0
108,12,11,10,276,1636.88,21.35,34945.56,0
8,2,1,2,14,44.38,8.75,388.32,0
32,6,1,4,58,250.67,10.64,2666.24,0
3,1,1,1,1,0,0,0,0
3,1,1,1,1,0,0,0,0
10,2,1,2,15,51.89,4.38,227.03,0
3,1,1,1,1,0,0,0,0
46,2,1,2,97,505.32,7.59,3836.67,0
12,1,1,1,18,57.06,3.75,213.97,0
15,2,1,2,28,106.61,5,533.03,0
7,1,1,1,9,27,2.5,67.5,0
7,1,1,1,9,27,2.5,67.5,0
11,1,1,1,18,57.06,3.75,213.97,0
42,5,5,4,95,498.55,18.89,9417.11,0
85,6,1,6,187,1060.74,17.14,18184.17,0
11,1,1,1,18,57.06,3.75,213.97,0
4,1,1,1,9,28.53,3,85.59,0
6,1,1,1,15,53.77,3.5,188.21,0
3,1,1,1,1,0,0,0,0
10,1,1,1,16,55.35,3.6,199.26,0
10,1,1,1,16,55.35,3.6,199.26,0
19,1,1,1,18,57.06,3.75,213.97,0
78,10,1,10,168,816.14,16.5,13466.32,0
68,5,1,5,144,771.49,15.29,11794.86,0
61,8,5,8,142,760.77,18.78,14289.29,0
2,1,1,1,3,4.75,1,4.75,0
6,1,1,1,9,25.27,1.5,37.9,0
25,1,1,1,82,433.4,4.27,1848.73,0
2,1,1,1,3,4.75,1,4.75,0
2,1,1,1,3,4.75,1,4.75,0
3,1,1,1,1,0,0,0,0
3,1,1,1,2,2,0.5,1,0
3,1,1,1,1,0,0,0,0
18,2,1,2,26,106.27,6.19,657.57,0
16,2,1,2,25,100,6.43,642.86,0
4,1,1,1,6,15.51,2,31.02,0
48,5,5,4,125,665.24,18,11974.34,0
28,2,1,2,64,300.83,8.57,2578.53,0
1,1,1,1,4,8,1.5,12,0
28,2,1,2,65,305.53,8.57,2618.82,0
75,5,1,5,154,845.75,14,11840.44,0
14,1,1,1,18,57.06,3.75,213.97,0
8,1,1,1,17,58.81,3.6,211.72,0
2,1,1,1,7,19.65,2.5,49.13,0
65,7,7,5,169,943.86,19.98,18860.9,0
54,6,5,4,139,754.25,17.64,13304.98,0
13,2,1,2,29,110.41,6.67,736.09,0
18,2,1,2,35,136.74,6.86,937.65,0
5,1,1,1,11,36.54,3,109.62,0
4,1,1,1,9,28.53,3,85.59,0
4,1,1,1,9,28.53,3,85.59,0
5,1,1,1,11,36.54,3,109.62,0
12,1,1,1,34,136,6,816,0
12,1,1,1,34,136,6,816,0
46,5,5,4,109,583.97,17.27,10086.81,0
47,5,5,4,112,611.46,17.5,10700.49,0
39,4,1,4,70,350,9.92,3472.37,0
2,1,1,1,4,8,1.5,12,0
2,1,1,1,4,8,1.5,12,0
2,1,1,1,4,8,1.5,12,0
1,1,1,1,1,0,0,0,0
9,1,1,1,14,46.51,3.75,174.4,0
9,1,1,1,14,46.51,3.75,174.4,0
49,4,3,3,139,796.18,14.4,11467.22,0
1,1,1,1,5,11.61,1.5,17.41,0
1,1,1,1,5,11.61,1.5,17.41,0
19,2,1,2,41,174.17,6.75,1175.61,0
32,3,1,3,62,301.19,9.34,2814.29,0
15,2,1,2,45,194.49,8,1555.89,0
16,2,1,2,45,194.49,8,1555.89,0
9,1,1,1,27,102.8,6,616.79,0
16,1,1,1,34,144.43,5.85,844.91,0
14,1,1,1,26,106.27,5.63,597.79,0
9,1,1,1,27,102.8,6,616.79,0
6,1,1,1,5,11.61,1.5,17.41,0
17,2,1,2,53,236.35,7.92,1871.1,0
17,2,1,2,53,236.35,7.92,1871.1,0
15,2,1,2,45,194.49,8,1555.89,0
16,2,1,2,52,231.89,7.92,1835.8,0
22,2,1,2,36,144,4.67,672,0
50,4,3,3,138,794.17,13.78,10946.73,0
3,1,1,1,1,0,0,0,0
3,1,1,1,1,0,0,0,0
36,5,1,4,95,475,13.34,6337.5,0
18,1,1,1,48,207.45,8.18,1697.34,0
12,1,1,1,11,34.87,4,139.48,0
25,3,1,3,78,370.88,11,4079.69,0
13,2,1,2,32,125.02,5.69,711.05,0
5,1,1,1,4,8,1,8,0
3,1,1,1,4,8,1,8,0
4,1,1,1,3,4.75,1,4.75,0
11,1,1,1,22,85.95,5.25,451.25,0
45,7,3,7,112,579.03,14.95,8659.15,0
13,2,1,2,23,82.45,7,577.18,0
6,1,1,1,10,31.7,2.5,79.25,0
16,1,1,1,8,24,2.5,60,0
6,1,1,1,10,31.7,2.5,79.25,0
2,1,1,1,4,8,1.5,12,0
2,1,1,1,4,8,1.5,12,0
2,1,1,1,4,8,1.5,12,0
2,1,1,1,4,8,1.5,12,0
42,5,3,5,107,539.75,10,5397.5,0
2,1,1,1,5,11.61,1.5,17.41,0
135,29,13,29,519,3125.61,36.77,114916,0
4,1,1,1,4,8,1.5,12,0
4,1,1,1,4,8,1.5,12,0
61,5,1,5,167,922.43,13,11991.65,0
25,3,1,3,65,305.53,9.17,2800.68,0
12,1,1,1,35,143.06,4.55,650.93,0
44,5,3,5,99,495,13.22,6545,0
4,1,1,1,5,11.61,1.5,17.41,0
11,1,1,1,11,36.54,3,109.62,0
57,9,1,6,121,599.46,14.76,8849.14,0
39,9,7,7,137,708.28,21.6,15298.84,0
4,1,1,1,5,11.61,1.5,17.41,0
1,1,1,1,1,0,0,0,0
4,1,1,1,5,11.61,2,23.22,0
7,1,1,1,17,51,2.4,122.4,0
7,2,1,2,8,20.68,5,103.4,0
4,1,1,1,1,0,0,0,0
3,1,1,1,1,0,0,0,0
4,1,1,1,5,11.61,2,23.22,0
6,1,1,1,18,62.27,5.25,326.92,0
5,1,1,1,12,36,4.5,162,0
20,2,1,2,49,208.15,10,2081.48,0
5,1,1,1,7,19.65,2.5,49.13,0
14,1,1,1,16,44.92,2.67,119.78,0
2,1,1,1,4,8,1.5,12,0
2,1,1,1,5,11.61,1.5,17.41,0
18,1,1,1,45,203.56,8.25,1679.37,0
2,2,1,2,7,18.09,5,90.47,0
2,1,1,1,5,11.61,1.5,17.41,0
9,2,1,1,14,48.43,2.92,141.26,0
5,1,1,1,13,43.19,3,129.56,0
2,1,1,1,5,11.61,1.5,17.41,0
16,2,1,2,26,101.58,9,914.21,0
17,2,1,2,30,125.1,7.86,982.91,0
2,1,1,1,5,11.61,2,23.22,0
10,2,1,2,19,70.31,6.75,474.58,0
4,1,1,1,5,11.61,0,0,0
2,1,1,1,4,8,0,0,0
4,1,1,1,3,4.75,1,4.75,0
4,1,1,1,3,4.75,1,4.75,0
2,1,1,1,3,4.75,1,4.75,0
1,1,1,1,0,0,0,0,0
4,1,1,1,5,10,1.5,15,0
3,1,1,1,5,10,1.5,15,0
2,1,1,1,8,20.68,1,20.68,0
1,1,1,1,0,0,0,0,0
1,1,1,1,0,0,0,0,0
4,1,1,1,1,0,0,0,0
3,1,1,1,1,0,0,0,0
2,1,1,1,3,4.75,1,4.75,0
4,1,1,1,3,4.75,1,4.75,0
1,1,1,1,0,0,0,0,0
2,1,1,1,3,4.75,1,4.75,0
4,1,1,1,3,4.75,1,4.75,0
5,1,1,1,12,36,2.5,90,0
6,1,1,1,12,36,2.5,90,0
6,1,1,1,5,11.61,1.5,17.41,0
3,1,1,1,4,8,1,8,0
4,1,1,1,4,8,1,8,0
4,1,1,1,3,4.75,1,4.75,0
11,1,1,1,13,44.97,2.92,131.17,0
2,1,1,1,3,4.75,1,4.75,0
4,1,1,1,3,4.75,1,4.75,0
48,7,6,6,119,619.92,14.91,9244.97,0
3,1,1,1,4,8,1,8,0
11,1,1,1,25,97.67,3.94,384.58,0
4,1,1,1,3,4.75,1,4.75,0
5,1,1,1,7,19.65,2,39.3,0
1,1,1,1,5,11.61,1.5,17.41,0
4,1,1,1,3,4.75,1,4.75,0
4,1,1,1,4,8,1,8,0
14,1,1,1,24,91.38,1,91.38,0
10,2,1,1,56,256.76,7.2,1848.66,0
15,2,1,2,41,180.09,8.8,1584.75,0
12,2,1,2,41,182.84,9.5,1736.95,0
5,1,1,1,8,24,2.5,60,0
7,2,1,2,9,25.27,6,151.6,0
7,1,1,1,15,53.77,4.2,225.85,0
6,1,1,1,10,31.7,2.5,79.25,0
6,1,1,1,10,31.7,2.5,79.25,0
9,1,1,1,29,118.54,6.19,733.44,0
2,1,1,1,5,11.61,2,23.22,0
2,1,1,1,4,8,1.5,12,0
2,1,1,1,4,8,1.5,12,0
2,1,1,1,4,8,1.5,12,0
2,1,1,1,4,8,1.5,12,0
2,1,1,1,4,8,1.5,12,0
2,1,1,1,4,8,1.5,12,0
1,1,1,1,4,8,1.5,12,0
1,1,1,1,9,25.27,1.5,37.9,0
2,1,1,1,5,11.61,1.5,17.41,0
2,1,1,1,5,11.61,1.5,17.41,0
2,1,1,1,5,11.61,1.5,17.41,0
2,1,1,1,4,8,1.5,12,0
2,1,1,1,4,8,1.5,12,0
2,1,1,1,4,8,1.5,12,0
2,1,1,1,4,8,1.5,12,0
2,1,1,1,4,8,1.5,12,0
2,1,1,1,4,8,1.5,12,0
2,1,1,1,4,8,1.5,12,0
2,1,1,1,4,8,1.5,12,0
2,1,1,1,4,8,1.5,12,0
1,1,1,1,4,8,1.5,12,0
2,1,1,1,4,8,1.5,12,0
2,1,1,1,4,8,1.5,12,0
1,1,1,1,4,8,1.5,12,0
2,1,1,1,4,8,1.5,12,0
2,1,1,1,4,8,1.5,12,0
2,1,1,1,4,8,1.5,12,0
2,1,1,1,4,8,1.5,12,0
2,1,1,1,4,8,1.5,12,0
8,1,1,1,13,44.97,5.33,239.85,0
2,1,1,1,4,8,1.5,12,0
1,1,1,1,4,8,1.5,12,0
2,1,1,1,4,8,1.5,12,0
2,1,1,1,4,8,1.5,12,0
2,1,1,1,4,8,1.5,12,0
2,1,1,1,4,8,1.5,12,0
2,1,1,1,4,8,1.5,12,0
2,1,1,1,4,8,1.5,12,0
2,1,1,1,4,8,1.5,12,0
2,1,1,1,4,8,1.5,12,0
2,1,1,1,4,8,1.5,12,0
2,1,1,1,4,8,1.5,12,0
2,1,1,1,4,8,1.5,12,0
2,1,1,1,4,8,1.5,12,0
2,1,1,1,4,8,1.5,12,0
2,1,1,1,4,8,1.5,12,0
2,1,1,1,4,8,1.5,12,0
23,1,1,1,65,301.85,12.18,3676.11,0
2,1,1,1,4,8,1.5,12,0
6,1,1,1,9,28.53,3,85.59,0
2,1,1,1,6,15.51,2.5,38.77,0
2,1,1,1,6,15.51,2.5,38.77,0
2,1,1,1,5,11.61,2,23.22,0
2,1,1,1,5,11.61,2,23.22,0
5,1,1,1,11,28.43,4,113.74,0
6,1,1,1,9,28.53,3,85.59,0
1,1,1,1,4,8,1.5,12,0
2,2,1,1,8,24,2.5,60,0
1,1,1,1,4,8,1.5,12,0
3,3,1,2,15,53.77,6,322.65,0
3,3,1,2,16,57.36,6,344.16,0
2,1,1,1,4,8,1.5,12,0
2,2,1,2,9,27,7,189,0
2,1,1,1,4,8,1.5,12,0
13,3,3,2,21,77.71,4.8,373,0
1,1,1,1,4,8,1.5,12,0
2,2,1,2,9,27,7,189,0
3,3,3,2,14,53.3,4.5,239.86,0
2,1,1,1,5,11.61,1.5,17.41,0
2,1,1,1,4,8,1.5,12,0
13,2,1,1,21,82.04,7,574.31,0
2,1,1,1,5,11.61,1.5,17.41,0
3,1,1,1,9,23.26,2,46.53,0
2,1,1,1,5,11.61,1.5,17.41,0
4,1,1,1,4,8,1.5,12,0
4,1,1,1,4,8,1.5,12,0
4,1,1,1,4,8,1.5,12,0
4,1,1,1,4,8,1.5,12,0
4,1,1,1,4,8,1.5,12,0
4,1,1,1,4,8,1.5,12,0
2,1,1,1,4,8,1.5,12,0
1,1,1,1,1,0,0,0,0
4,1,1,1,4,8,1.5,12,0
1,1,1,1,1,0,0,0,0
4,1,1,1,4,8,1.5,12,0
4,1,1,1,4,8,1.5,12,0
4,1,1,1,4,8,1.5,12,0
4,1,1,1,4,8,1.5,12,0
4,1,1,1,4,8,1.5,12,0
2,1,1,1,8,24,3,72,0
3,1,1,1,14,44.38,4,177.52,0
28,3,3,2,119,628.96,13.75,8648.24,0
4,1,1,1,4,8,1.5,12,0
2,1,1,1,7,18.09,2,36.19,0
7,1,1,1,16,53.15,3.75,199.32,0
9,2,1,1,17,58.81,6.67,392.07,0
4,1,1,1,6,15.51,2,31.02,0
2,1,1,1,5,11.61,2,23.22,0
2,1,1,1,5,11.61,1.5,17.41,0
2,1,1,1,5,11.61,1.5,17.41,0
2,1,1,1,5,11.61,1.5,17.41,0
27,5,4,5,63,288.85,14.7,4246.13,0
2,1,1,1,5,11.61,1.5,17.41,0
1,1,1,1,5,11.61,1.5,17.41,0
5,2,1,1,17,68,4.5,306,0
5,2,1,1,17,68,4.5,306,0
5,2,1,1,17,68,4.5,306,0
5,2,1,1,17,68,4.5,306,0
5,2,1,1,17,68,4.5,306,0
5,2,1,1,17,68,4.5,306,0
4,1,1,1,5,11.61,1.5,17.41,0
4,1,1,1,5,11.61,1.5,17.41,0
1,1,1,1,5,11.61,1.5,17.41,0
35,6,3,5,125,630.55,21.37,13473.84,0
8,1,1,1,9,25.27,1.5,37.9,0
10,2,1,2,11,34.87,4,139.48,0
2,1,1,1,5,11.61,1.5,17.41,0
5,2,1,1,17,68,4.5,306,0
5,2,1,1,17,68,4.5,306,0
5,2,1,1,17,68,4.5,306,0
5,2,1,1,17,68,4.5,306,0
2,1,1,1,5,11.61,1.5,17.41,0
2,1,1,1,5,11.61,1.5,17.41,0
2,1,1,1,5,11.61,1.5,17.41,0
2,1,1,1,8,22.46,2,44.92,0
4,1,1,1,5,11.61,1.5,17.41,0
4,1,1,1,5,11.61,1.5,17.41,0
16,2,1,2,20,76.15,5.33,406.12,0
18,1,1,1,45,203.56,8.25,1679.37,0
7,1,1,1,17,58.81,2.29,134.42,0
2,1,1,1,5,11.61,1.5,17.41,0
2,1,1,1,4,8,1.5,12,0
2,1,1,1,5,11.61,1.5,17.41,0
2,1,1,1,5,11.61,1.5,17.41,0
10,2,1,2,22,78.87,4.2,331.25,0
5,1,1,1,6,15.51,2,31.02,0
3,1,1,1,1,0,0,0,0
3,1,1,1,1,0,0,0,0
3,1,1,1,1,0,0,0,0
3,1,1,1,1,0,0,0,0
3,1,1,1,1,0,0,0,0
3,1,1,1,1,0,0,0,0
3,1,1,1,1,0,0,0,0
3,1,1,1,1,0,0,0,0
3,1,1,1,1,0,0,0,0
13,3,1,3,23,85.11,6.4,544.7,0
27,6,1,2,64,300.83,22.4,6738.55,0
43,4,1,2,111,590.73,9.63,5688.55,0
9,1,1,1,20,76.15,4.67,355.35,0
23,1,1,1,69,331.71,5.6,1857.56,0
25,4,1,3,64,293.44,8.93,2619.98,0
4,1,1,1,5,11.61,2,23.22,0
4,1,1,1,5,11.61,2,23.22,0
4,1,1,1,8,22.46,3,67.38,0
11,1,1,1,25,100,5,500,0
4,1,1,1,5,11.61,1.5,17.41,0
74,6,5,6,155,781.88,18.79,14691.13,0
44,4,1,4,99,490.47,12.63,6195.35,0
20,1,1,1,62,291.43,5.56,1619.04,0
13,1,1,1,20,78.14,3,234.41,0
5,1,1,1,7,19.65,2,39.3,0
19,2,1,1,22,85.95,9,773.56,0
9,1,1,1,11,34.87,3.12,108.97,0
19,2,1,1,23,92,9.9,910.8,0
46,4,1,4,97,485,11.4,5529,0
68,9,8,9,191,1029.93,24.14,24862.57,0
20,1,1,1,62,291.43,5.56,1619.04,0
14,1,1,1,20,78.14,3,234.41,0
5,1,1,1,7,19.65,2,39.3,0
22,1,1,1,69,331.71,5.6,1857.56,0
16,1,1,1,22,88,3,264,0
5,1,1,1,7,19.65,2,39.3,0
41,3,1,3,92,446.93,11.61,5189.4,0
14,1,1,1,26,106.27,4.89,519.55,0
10,1,1,1,17,64.73,3,194.18,0
44,4,1,4,101,505,12,6060,0
34,2,1,2,56,245.97,11,2705.67,0
7,1,1,1,15,51.89,4.38,227.03,0
5,1,1,1,13,44.97,3,134.92,0
7,1,1,1,15,51.89,4.38,227.03,0
20,1,1,1,62,291.43,5.56,1619.04,0
9,1,1,1,20,78.14,3,234.41,0
5,1,1,1,7,19.65,2,39.3,0
74,9,7,6,177,1036.85,18.76,19447.82,0
25,3,1,2,50,226.18,10.08,2280.63,0
82,7,1,6,218,1303.05,21.63,28182.18,0
12,1,1,1,25,100,5,500,0
13,1,1,1,34,141.78,5.2,737.24,0
15,2,1,2,28,109.39,6.29,687.61,0
22,1,1,1,6,15.51,2,31.02,0
27,2,1,2,35,153.73,15,2305.97,0
34,3,1,3,67,311.14,11.54,3590.06,0
44,4,1,4,103,536.57,9.84,5279.89,0
7,1,1,1,13,44.97,3,134.92,0
8,1,1,1,15,51.89,5.25,272.43,0
102,13,10,11,304,1899.37,28.86,54815.82,0
9,1,1,1,18,68.53,4.67,319.82,0
13,2,1,2,21,75.28,7,526.99,0
40,5,1,4,81,412.08,9.55,3933.53,0
5,1,1,1,11,34.87,2,69.74,0
5,1,1,1,3,4.75,0.5,2.38,0
6,1,1,1,3,4.75,0.5,2.38,0
39,5,5,5,132,677.07,11.22,7594.91,0
3,1,1,1,1,0,0,0,0
3,1,1,1,1,0,0,0,0
3,1,1,1,1,0,0,0,0
1,1,1,1,0,0,0,0,0
34,1,1,1,90,465.29,4.34,2021.62,0
3,1,1,1,1,0,0,0,0
8,1,1,1,21,66.57,2.5,166.42,0
8,1,1,1,22,76.11,2.86,217.45,0
39,3,1,3,71,341.32,13.43,4585.09,0
34,3,1,3,73,339,15.23,5163.25,0
4,1,1,1,5,11.61,2,23.22,0
6,1,1,1,11,36.54,3,109.62,0
24,4,3,2,43,191.76,8,1534.04,0
6,1,1,1,9,28.53,3,85.59,0
8,1,1,1,22,81.41,4.67,379.91,0
6,1,1,1,11,36.54,2.5,91.35,0
12,1,1,1,25,100,5,500,0
4,1,1,1,5,11.61,2,23.22,0
7,1,1,1,8,24,3,72,0
4,1,1,1,6,15.51,2,31.02,0
4,1,1,1,5,11.61,2,23.22,0
4,1,1,1,6,15.51,2,31.02,0
4,1,1,1,5,11.61,2,23.22,0
4,1,1,1,5,11.61,2,23.22,0
7,1,1,1,14,50.19,3.5,175.66,0
6,1,1,1,10,31.7,3,95.1,0
6,1,1,1,14,50.19,3.5,175.66,0
6,1,1,1,10,31.7,3,95.1,0
1,1,1,1,4,8,1.5,12,0
2,1,1,1,4,8,1.5,12,0
4,1,1,1,8,22.46,3,67.38,0
1,1,1,1,4,8,1.5,12,0
9,1,1,1,18,68.53,4.67,319.82,0
26,5,4,5,70,332.84,17.45,5809.61,0
17,2,1,2,37,159.91,6,959.47,0
1,1,1,1,4,8,1.5,12,0
31,4,3,3,75,368.02,13,4784.22,0
4,1,1,1,4,8,1.5,12,0
4,1,1,1,4,8,1.5,12,0
1,1,1,1,5,11.61,2,23.22,0
1,1,1,1,4,8,1.5,12,0
6,1,1,1,15,53.77,4.5,241.98,0
6,1,1,1,14,50.19,3.5,175.66,0
7,1,1,1,14,50.19,3.5,175.66,0
1,1,1,1,4,8,1.5,12,0
40,4,1,4,100,500,15.17,7583.33,0
6,1,1,1,12,41.51,3.5,145.3,0
21,4,1,4,62,280.46,14.3,4010.59,0
1,1,1,1,4,8,1.5,12,0
1,1,1,1,4,8,1.5,12,0
1,1,1,1,4,8,1.5,12,0
1,1,1,1,4,8,1.5,12,0
10,1,1,1,18,68.53,4.67,319.82,0
17,2,1,2,37,159.91,6,959.47,0
26,5,4,5,71,333.73,16.36,5461.06,0
1,1,1,1,4,8,1.5,12,0
1,1,1,1,4,8,1.5,12,0
1,1,1,1,4,8,1.5,12,0
1,1,1,1,4,8,1.5,12,0
4,1,1,1,4,8,1.5,12,0
4,1,1,1,4,8,1.5,12,0
4,1,1,1,4,8,1.5,12,0
4,1,1,1,4,8,1.5,12,0
19,2,1,2,47,218.26,6.68,1457.67,0
11,1,1,1,18,68.53,4.67,319.82,0
39,4,1,4,100,490.69,14.91,7317.04,0
1,1,1,1,4,8,1.5,12,0
9,2,1,1,13,41.21,4,164.84,0
1,1,1,1,4,8,1.5,12,0
1,1,1,1,4,8,1.5,12,0
4,1,1,1,5,11.61,2,23.22,0
6,1,1,1,12,41.51,3.5,145.3,0
2,1,1,1,5,11.61,2,23.22,0
4,1,1,1,6,15.51,2,31.02,0
49,4,1,4,109,559.09,11.74,6563.25,0
24,1,1,1,76,372.92,5.64,2101.93,0
46,3,1,3,62,284.27,11,3126.94,0
18,1,1,1,24,98.1,3,294.3,0
5,1,1,1,7,19.65,2,39.3,0
43,4,1,4,105,525,12.9,6772.5,0
20,1,1,1,62,291.43,5.56,1619.04,0
9,1,1,1,20,78.14,3,234.41,0
5,1,1,1,7,19.65,2,39.3,0
4,1,1,1,8,22.46,3,67.38,0
162,28,16,16,482,2881.05,51.24,147636.19,0
4,1,1,1,5,11.61,2,23.22,0
20,3,1,3,33,147.16,8.75,1287.66,0
20,3,1,3,33,147.16,8.75,1287.66,0
20,3,1,3,33,147.16,8.75,1287.66,0
20,3,1,3,33,147.16,8.75,1287.66,0
20,3,1,3,33,147.16,8.75,1287.66,0
19,3,1,3,32,140.55,8.13,1142,0
19,3,1,3,33,147.16,8.75,1287.66,0
20,3,1,3,33,147.16,8.75,1287.66,0
20,3,1,3,33,147.16,8.75,1287.66,0
20,3,1,3,33,147.16,8.75,1287.66,0
20,3,1,3,33,147.16,8.75,1287.66,0
20,3,1,3,33,147.16,8.75,1287.66,0
20,3,1,3,35,156.08,8.67,1352.69,0
19,3,1,3,32,140.55,8.13,1142,0
4,1,1,1,9,28.53,3.5,99.85,0
64,6,1,6,145,760.95,27,20545.64,0
4,1,1,1,5,11.61,2,23.22,0
4,1,1,1,5,11.61,2,23.22,0
4,1,1,1,6,15.51,2,31.02,0
19,3,1,3,32,140.55,8.13,1142,0
19,3,1,3,32,140.55,8.13,1142,0
6,1,1,1,10,31.7,3,95.1,0
4,1,1,1,6,15.51,2,31.02,0
4,1,1,1,5,11.61,2,23.22,0
6,1,1,1,12,41.51,3.5,145.3,0
6,1,1,1,12,41.51,3.5,145.3,0
9,1,1,1,22,81.41,4.67,379.91,0
54,5,1,5,118,614.72,11.52,7081.52,0
112,6,1,6,229,1305.4,16.5,21539.11,0
11,1,1,1,29,113.3,4.81,545.26,0
22,1,1,1,69,331.71,5.6,1857.56,0
17,1,1,1,22,88,3,264,0
5,1,1,1,7,19.65,2,39.3,0
14,1,1,1,34,141.78,5.2,737.24,0
10,1,1,1,20,76.15,4.67,355.35,0
8,1,1,1,15,51.89,4.38,227.03,0
11,1,1,1,25,100,5,500,0
6,1,1,1,13,44.97,3.5,157.4,0
7,1,1,1,12,41.51,3.5,145.3,0
6,1,1,1,10,31.7,3,95.1,0
5,1,1,1,11,36.54,3.5,127.89,0
12,3,3,3,33,134.89,9.17,1236.46,0
16,1,1,1,4,8,1.5,12,0
25,4,1,2,50,232.19,10.82,2511.9,0
4,1,1,1,6,15.51,2,31.02,0
4,1,1,1,8,24,2.5,60,0
11,2,1,2,27,99.91,8.8,879.22,0
10,2,1,1,17,64.73,4.5,291.26,0
40,3,3,3,60,282.03,13.42,3783.85,0
24,2,1,2,65,322.02,6.9,2223.49,0
9,1,1,1,20,76.15,4.67,355.35,0
6,1,1,1,4,8,1.5,12,0
16,1,1,1,48,214.05,5.43,1162,0
27,1,1,1,4,8,1.5,12,0
15,1,1,1,34,141.78,5.2,737.24,0
15,2,1,2,28,106.61,6.67,710.71,0
4,1,1,1,8,22.46,3,67.38,0
63,9,1,8,182,1052.21,23.33,24551.51,0
4,1,1,1,5,11.61,2,23.22,0
4,1,1,1,7,18.09,2.5,45.24,0
4,1,1,1,6,15.51,2,31.02,0
4,1,1,1,5,11.61,2,23.22,0
4,1,1,1,6,15.51,2,31.02,0
29,3,1,3,46,216.22,9.33,2018.06,0
27,3,1,3,46,216.22,9.33,2018.06,0
4,1,1,1,5,11.61,2,23.22,0
3,1,1,1,1,0,0,0,0
5,2,1,2,9,27,4.5,121.5,0
15,3,1,2,23,95.91,5.63,539.48,0
3,1,1,1,1,0,0,0,0
4,1,1,1,4,8,1.5,12,0
3,1,1,1,1,0,0,0,0
3,1,1,1,1,0,0,0,0
8,1,1,1,11,36.54,2.5,91.35,0
5,1,1,1,4,8,1.5,12,0
22,2,1,2,50,219.62,9.35,2053.4,0
30,3,1,3,81,361.21,11.67,4214.16,0
5,1,1,1,4,8,1.5,12,0
18,3,1,3,38,166.91,11.33,1891.62,0
7,1,1,1,21,69.76,3,209.28,0
26,3,1,3,53,252.01,9.2,2318.48,0
13,1,1,1,27,108,5,540,0
2,1,1,1,5,11.61,1.5,17.41,0
2,2,1,2,7,18.09,5,90.47,0
2,1,1,1,5,11.61,1.5,17.41,0
5,1,1,1,13,43.19,3,129.56,0
1,1,1,1,4,8,1.5,12,0
1,1,1,1,4,8,1.5,12,0
2,1,1,1,5,11.61,1.5,17.41,0
18,3,1,3,39,178.81,8.86,1584.94,0
1,1,1,1,6,15.51,0,0,0
1,1,1,1,6,15.51,0,0,0
19,2,1,2,39,176.42,5.79,1020.71,0
4,1,1,1,3,4.75,1,4.75,0
3,1,1,1,1,0,0,0,0
2,1,1,1,3,4.75,1,4.75,0
4,1,1,1,3,4.75,1,4.75,0
26,3,1,3,88,423.05,17.5,7403.33,0
1,1,1,1,0,0,0,0,0
2,1,1,1,3,4.75,1,4.75,0
4,1,1,1,3,4.75,1,4.75,0
5,1,1,1,6,15.51,1.5,23.26,0
1,1,1,1,0,0,0,0,0
3,1,1,1,4,8,1,8,0
4,1,1,1,4,8,1,8,0
4,1,1,1,3,4.75,1,4.75,0
23,3,1,3,52,252.62,8.53,2155.12,0
2,1,1,1,3,4.75,1,4.75,0
5,1,1,1,2,2,0.5,1,0
3,1,1,1,1,0,0,0,0
3,1,1,1,1,0,0,0,0
4,1,1,1,2,2,0.5,1,0
4,1,1,1,2,2,0.5,1,0
3,1,1,1,1,0,0,0,0
6,1,1,1,1,0,0,0,0
4,1,1,1,4,8,1.5,12,0
1,1,1,1,5,11.61,1.5,17.41,0
4,1,1,1,3,4.75,1,4.75,0
16,1,1,1,32,138.3,4.67,645.41,0
11,2,1,2,19,76,4.5,342,0
6,1,1,1,10,31.7,2.5,79.25,0
8,1,1,1,8,24,2.5,60,0
19,5,4,5,50,226.18,15,3392.67,0
6,1,1,1,10,31.7,2.5,79.25,0
9,1,1,1,8,24,2.5,60,0
48,9,7,6,74,355.74,23.4,8324.42,0
4,1,1,1,9,28.53,3,85.59,0
2,1,1,1,4,8,1.5,12,0
2,1,1,1,4,8,1.5,12,0
52,6,5,5,139,729.46,15.65,11417.66,0
2,1,1,1,4,8,1.5,12,0
2,1,1,1,4,8,1.5,12,0
2,1,1,1,4,8,1.5,12,0
2,1,1,1,4,8,1.5,12,0
2,1,1,1,4,8,1.5,12,0
11,2,1,2,21,77.71,7.88,611.96,0
2,1,1,1,4,8,1.5,12,0
1,1,1,1,4,8,1.5,12,0
2,1,1,1,4,8,1.5,12,0
2,1,1,1,4,8,1.5,12,0
2,1,1,1,4,8,1.5,12,0
2,1,1,1,4,8,1.5,12,0
2,1,1,1,4,8,1.5,12,0
15,3,1,3,42,178.41,7.78,1387.66,0
13,2,1,2,25,92.51,6.4,592.07,0
2,1,1,1,4,8,1.5,12,0
2,1,1,1,4,8,1.5,12,0
2,1,1,1,4,8,1.5,12,0
2,1,1,1,4,8,1.5,12,0
2,1,1,1,4,8,1.5,12,0
2,1,1,1,4,8,1.5,12,0
2,1,1,1,4,8,1.5,12,0
2,1,1,1,6,15.51,2.5,38.77,0
6,1,1,1,5,11.61,1.5,17.41,0
8,2,1,2,15,51.89,3.6,186.81,0
1,1,1,1,4,8,1.5,12,0
1,1,1,1,4,8,1.5,12,0
2,2,1,1,8,24,2.5,60,0
3,3,1,2,15,53.77,6,322.65,0
2,1,1,1,4,8,1.5,12,0
2,2,1,2,9,27,7,189,0
2,1,1,1,4,8,1.5,12,0
2,2,1,2,9,27,7,189,0
3,3,3,2,14,53.3,4.5,239.86,0
2,1,1,1,4,8,1.5,12,0
2,1,1,1,5,11.61,1.5,17.41,0
9,2,1,1,18,66.61,6.75,449.6,0
54,6,1,6,132,733.21,15.83,11604.88,0
24,3,1,3,58,262.37,7.07,1855.31,0
15,1,1,1,29,116,5,580,0
2,1,1,1,5,11.61,1.5,17.41,0
3,1,1,1,9,23.26,2,46.53,0
1,1,1,1,4,8,0,0,0
1,1,1,1,4,8,0,0,0
9,2,1,2,16,55.35,6.67,369.01,0
4,1,1,1,4,8,1.5,12,0
4,1,1,1,4,8,1.5,12,0
4,1,1,1,4,8,1.5,12,0
4,1,1,1,4,8,1.5,12,0
4,1,1,1,4,8,1.5,12,0
4,1,1,1,4,8,1.5,12,0
15,3,1,3,43,185.84,13,2415.96,0
15,3,1,3,39,176.42,10.89,1921.01,0
4,1,1,1,4,8,1.5,12,0
4,1,1,1,8,24,3.5,84,0
4,1,1,1,8,24,3.5,84,0
2,1,1,1,7,18.09,2,36.19,0
26,3,1,3,67,298.78,8.65,2585.61,0
19,4,1,3,39,156,13.33,2080,0
19,4,1,3,39,156,13.33,2080,0
20,5,1,3,37,151.24,7.56,1142.67,0
20,5,1,3,37,151.24,7.56,1142.67,0
4,1,1,1,6,15.51,2,31.02,0
2,1,1,1,5,11.61,2,23.22,0
2,1,1,1,5,11.61,1.5,17.41,0
2,1,1,1,5,11.61,1.5,17.41,0
2,1,1,1,5,11.61,1.5,17.41,0
11,2,1,2,23,85.11,6.42,546.12,0
10,2,1,2,22,83.76,5.5,460.69,0
11,2,1,2,23,85.11,6.42,546.12,0
10,2,1,2,22,83.76,5.5,460.69,0
18,3,1,3,41,164,9,1476,0
17,1,1,1,35,148.68,6.3,936.67,0
15,2,1,2,26,108.42,5.5,596.3,0
2,1,1,1,5,11.61,1.5,17.41,0
1,1,1,1,5,11.61,1.5,17.41,0
2,1,1,1,5,11.61,1.5,17.41,0
19,2,1,2,39,159.41,6.22,991.89,0
15,2,1,2,53,239.75,4.81,1153.79,0
14,2,1,2,34,141.78,4.8,680.53,0
14,2,1,2,31,121.11,6.86,830.49,0
2,1,1,1,8,22.46,2,44.92,0
14,2,1,2,28,109.39,5.14,562.59,0
4,1,1,1,5,11.61,1.5,17.41,0
19,2,1,2,40,175.69,6.82,1197.9,0
23,3,3,3,60,278.63,9.69,2700.58,0
2,1,1,1,4,8,1.5,12,0
13,1,1,1,17,60.94,4,243.78,0
11,2,1,2,27,102.8,6,616.79,0
